Log file open, 02/03/22 10:11:45
LogWindows: Failed to load 'aqProf.dll' (GetLastError=126)
LogWindows: File 'aqProf.dll' does not exist
LogWindows: Failed to load 'VtuneApi.dll' (GetLastError=126)
LogWindows: File 'VtuneApi.dll' does not exist
LogWindows: Failed to load 'VtuneApi32e.dll' (GetLastError=126)
LogWindows: File 'VtuneApi32e.dll' does not exist
LogConsoleResponse: Display: Failed to find resolution value strings in scalability ini. Falling back to default.
LogConsoleResponse: Display: Failed to find resolution value strings in scalability ini. Falling back to default.
LogInit: Display: Running engine for game: BIMData
LogPlatformFile: Not using cached read wrapper
LogTaskGraph: Started task graph with 5 named threads and 47 total threads with 3 sets of task threads.
LogStats: Stats thread started at 0.216263
LogICUInternationalization: ICU TimeZone Detection - Raw Offset: +1:00, Platform Override: ''
LogInit: Display: Loading text-based GConfig....
LogPluginManager: Mounting plugin MegascansPlugin
LogPluginManager: Mounting plugin MeshPainting
LogPluginManager: Mounting plugin XGEController
LogPluginManager: Mounting plugin Paper2D
LogPluginManager: Mounting plugin AISupport
LogPluginManager: Mounting plugin EnvironmentQueryEditor
LogPluginManager: Mounting plugin LiveLink
LogPluginManager: Mounting plugin LightPropagationVolume
LogPluginManager: Mounting plugin CameraShakePreviewer
LogPluginManager: Mounting plugin OodleData
LogPluginManager: Mounting plugin GameplayCameras
LogPluginManager: Mounting plugin AssetManagerEditor
LogPluginManager: Mounting plugin OodleNetwork
LogPluginManager: Mounting plugin CryptoKeys
LogPluginManager: Mounting plugin EditorScriptingUtilities
LogPluginManager: Mounting plugin CurveEditorTools
LogPluginManager: Mounting plugin FacialAnimation
LogPluginManager: Mounting plugin MacGraphicsSwitching
LogPluginManager: Mounting plugin GameplayTagsEditor
LogPluginManager: Mounting plugin MaterialAnalyzer
LogPluginManager: Mounting plugin DataValidation
LogPluginManager: Mounting plugin GeometryMode
LogPluginManager: Mounting plugin PluginBrowser
LogPluginManager: Mounting plugin MobileLauncherProfileWizard
LogPluginManager: Mounting plugin SpeedTreeImporter
LogPluginManager: Mounting plugin DatasmithContent
LogPluginManager: Mounting plugin VariantManagerContent
LogPluginManager: Mounting plugin AnimationSharing
LogPluginManager: Mounting plugin CLionSourceCodeAccess
LogPluginManager: Mounting plugin CodeLiteSourceCodeAccess
LogPluginManager: Mounting plugin NullSourceCodeAccess
LogPluginManager: Mounting plugin GitSourceControl
LogPluginManager: Mounting plugin Niagara
LogPluginManager: Mounting plugin KDevelopSourceCodeAccess
LogPluginManager: Mounting plugin PerforceSourceControl
LogPluginManager: Mounting plugin PixWinPlugin
LogPluginManager: Mounting plugin PlasticSourceControl
LogPluginManager: Mounting plugin PluginUtils
LogPluginManager: Mounting plugin PropertyAccessNode
LogPluginManager: Mounting plugin RiderSourceCodeAccess
LogPluginManager: Mounting plugin TextureFormatOodle
LogPluginManager: Mounting plugin SubversionSourceControl
LogPluginManager: Mounting plugin VisualStudioCodeSourceCodeAccess
LogPluginManager: Mounting plugin XCodeSourceCodeAccess
LogPluginManager: Mounting plugin UObjectPlugin
LogPluginManager: Mounting plugin AlembicImporter
LogPluginManager: Mounting plugin VisualStudioSourceCodeAccess
LogPluginManager: Mounting plugin AutomationUtils
LogPluginManager: Mounting plugin BackChannel
LogPluginManager: Mounting plugin ChaosClothEditor
LogPluginManager: Mounting plugin ChaosSolverPlugin
LogPluginManager: Mounting plugin ChaosCloth
LogPluginManager: Mounting plugin CharacterAI
LogPluginManager: Mounting plugin ChaosEditor
LogPluginManager: Mounting plugin ChaosNiagara
LogPluginManager: Mounting plugin MagicLeap
LogPluginManager: Mounting plugin MagicLeapLightEstimation
LogPluginManager: Mounting plugin MagicLeapMedia
LogPluginManager: Mounting plugin GeometryCache
LogPluginManager: Mounting plugin MagicLeapPassableWorld
LogPluginManager: Mounting plugin GeometryCollectionPlugin
LogPluginManager: Mounting plugin MLSDK
LogPluginManager: Mounting plugin LuminPlatformFeatures
LogPluginManager: Mounting plugin AvfMedia
LogPluginManager: Mounting plugin GeometryProcessing
LogPluginManager: Mounting plugin MediaCompositing
LogPluginManager: Mounting plugin ImgMedia
LogPluginManager: Mounting plugin MotoSynth
LogPluginManager: Mounting plugin OpenImageDenoise
LogPluginManager: Mounting plugin PlanarCut
LogPluginManager: Mounting plugin PlatformCrypto
LogPluginManager: Mounting plugin ProxyLODPlugin
LogPluginManager: Mounting plugin PythonScriptPlugin
LogPluginManager: Mounting plugin AndroidMedia
LogPluginManager: Mounting plugin MediaPlayerEditor
LogPluginManager: Mounting plugin WebMMedia
LogPluginManager: Mounting plugin WmfMedia
LogPluginManager: Mounting plugin SkeletalReduction
LogPluginManager: Mounting plugin ActorSequence
LogPluginManager: Mounting plugin LevelSequenceEditor
LogPluginManager: Mounting plugin MatineeToLevelSequence
LogPluginManager: Mounting plugin TemplateSequence
LogPluginManager: Mounting plugin TcpMessaging
LogPluginManager: Mounting plugin UdpMessaging
LogPluginManager: Mounting plugin OnlineSubsystem
LogPluginManager: Mounting plugin OnlineSubsystemNull
LogPluginManager: Mounting plugin OnlineSubsystemUtils
LogPluginManager: Mounting plugin ActorLayerUtilities
LogPluginManager: Mounting plugin LauncherChunkInstaller
LogPluginManager: Mounting plugin AndroidDeviceProfileSelector
LogPluginManager: Mounting plugin AndroidMoviePlayer
LogPluginManager: Mounting plugin AndroidPermission
LogPluginManager: Mounting plugin AppleImageUtils
LogPluginManager: Mounting plugin AppleMoviePlayer
LogPluginManager: Mounting plugin ArchVisCharacter
LogPluginManager: Mounting plugin AssetTags
LogPluginManager: Mounting plugin AudioCapture
LogPluginManager: Mounting plugin AudioSynesthesia
LogPluginManager: Mounting plugin CableComponent
LogPluginManager: Mounting plugin ChunkDownloader
LogPluginManager: Mounting plugin CustomMeshComponent
LogPluginManager: Mounting plugin EditableMesh
LogPluginManager: Mounting plugin ExampleDeviceProfileSelector
LogPluginManager: Mounting plugin GoogleCloudMessaging
LogPluginManager: Mounting plugin GooglePAD
LogPluginManager: Mounting plugin IOSDeviceProfileSelector
LogPluginManager: Mounting plugin LinuxDeviceProfileSelector
LogPluginManager: Mounting plugin LocationServicesBPLibrary
LogPluginManager: Mounting plugin MobilePatchingUtils
LogPluginManager: Mounting plugin OpenXR
LogPluginManager: Mounting plugin OpenXRHandTracking
LogPluginManager: Mounting plugin OpenXREyeTracker
LogPluginManager: Mounting plugin PhysXVehicles
LogPluginManager: Mounting plugin PostSplashScreen
LogPluginManager: Mounting plugin PropertyAccessEditor
LogPluginManager: Mounting plugin ProceduralMeshComponent
LogPluginManager: Mounting plugin RuntimePhysXCooking
LogPluginManager: Mounting plugin SoundFields
LogPluginManager: Mounting plugin SignificanceManager
LogPluginManager: Mounting plugin Synthesis
LogPluginManager: Mounting plugin WebMMoviePlayer
LogPluginManager: Mounting plugin WindowsMoviePlayer
LogPluginManager: Mounting plugin Takes
LogPluginManager: Mounting plugin ScreenshotTools
LogPluginManager: Mounting plugin ContentBrowserAssetDataSource
LogPluginManager: Mounting plugin ContentBrowserClassDataSource
LogPluginManager: Mounting plugin ContentBrowserFileDataSource
LogPluginManager: Mounting plugin OnlineSubsystemGooglePlay
LogPluginManager: Mounting plugin OnlineSubsystemIOS
LogPluginManager: Mounting plugin DatabaseSupport
LogPluginManager: Mounting plugin SQLiteCore
LogPluginManager: Mounting plugin SQLiteSupport
LogPluginManager: Mounting plugin OculusVR
LogPluginManager: Mounting plugin SteamVR
PixWinPlugin: PIX capture plugin failed to initialize! Check that the process is launched from PIX.
LogLuminAPIImpl: Warning: MLSDK not found.  This likely means the MLSDK environment variable is not set.
LogInit: Using libcurl 7.55.1-DEV
LogInit:  - built for x86_64-pc-win32
LogInit:  - supports SSL with OpenSSL/1.1.1
LogInit:  - supports HTTP deflate (compression) using libz 1.2.8
LogInit:  - other features:
LogInit:      CURL_VERSION_SSL
LogInit:      CURL_VERSION_LIBZ
LogInit:      CURL_VERSION_IPV6
LogInit:      CURL_VERSION_ASYNCHDNS
LogInit:      CURL_VERSION_LARGEFILE
LogInit:      CURL_VERSION_IDN
LogInit:  CurlRequestOptions (configurable via config and command line):
LogInit:  - bVerifyPeer = true  - Libcurl will verify peer certificate
LogInit:  - bUseHttpProxy = false  - Libcurl will NOT use HTTP proxy
LogInit:  - bDontReuseConnections = false  - Libcurl will reuse connections
LogInit:  - MaxHostConnections = 16  - Libcurl will limit the number of connections to a host
LogInit:  - LocalHostAddr = Default
LogInit:  - BufferSize = 65536
LogOnline: OSS: Creating online subsystem instance for: NULL
LogInit: WinSock: version 1.1 (2.2), MaxSocks=32767, MaxUdp=65467
LogOnline: OSS: TryLoadSubsystemAndSetDefault: Loaded subsystem for module [NULL]
LogOculusPluginWrapper: OculusPlugin initialized successfully
LogHMD: Failed initializing OVRPlugin 1.59.0
LogInit: Build: ++UE4+Release-4.27-CL-18319896
LogInit: Engine Version: 4.27.2-18319896+++UE4+Release-4.27
LogInit: Compatible Engine Version: 4.27.0-17155196+++UE4+Release-4.27
LogInit: Net CL: 17155196
LogInit: OS: Windows 10 (Release 2009) (), CPU: Intel(R) Core(TM) i7-10870H CPU @ 2.20GHz, GPU: Intel(R) UHD Graphics
LogInit: Compiled (64-bit): Nov 30 2021 07:12:08
LogInit: Compiled with Visual C++: 19.24.28315.00
LogInit: Build Configuration: Development
LogInit: Branch Name: ++UE4+Release-4.27
LogInit: Command Line:  -EpicPortal -epicusername=ahmed.a.ibrahim -epicuserid=fe0a303f6bc24f8285957052d874ed24 -epiclocale=en -epicsandboxid=ue
LogInit: Base Directory: C:/Program Files/Epic Games/UE_4.27/Engine/Binaries/Win64/
LogInit: Allocator: TBB
LogInit: Installed Engine Build: 1
LogDevObjectVersion: Number of dev versions registered: 29
LogDevObjectVersion:   Dev-Blueprints (B0D832E4-1F89-4F0D-ACCF-7EB736FD4AA2): 10
LogDevObjectVersion:   Dev-Build (E1C64328-A22C-4D53-A36C-8E866417BD8C): 0
LogDevObjectVersion:   Dev-Core (375EC13C-06E4-48FB-B500-84F0262A717E): 4
LogDevObjectVersion:   Dev-Editor (E4B068ED-F494-42E9-A231-DA0B2E46BB41): 40
LogDevObjectVersion:   Dev-Framework (CFFC743F-43B0-4480-9391-14DF171D2073): 37
LogDevObjectVersion:   Dev-Mobile (B02B49B5-BB20-44E9-A304-32B752E40360): 3
LogDevObjectVersion:   Dev-Networking (A4E4105C-59A1-49B5-A7C5-40C4547EDFEE): 0
LogDevObjectVersion:   Dev-Online (39C831C9-5AE6-47DC-9A44-9C173E1C8E7C): 0
LogDevObjectVersion:   Dev-Physics (78F01B33-EBEA-4F98-B9B4-84EACCB95AA2): 14
LogDevObjectVersion:   Dev-Platform (6631380F-2D4D-43E0-8009-CF276956A95A): 0
LogDevObjectVersion:   Dev-Rendering (12F88B9F-8875-4AFC-A67C-D90C383ABD29): 45
LogDevObjectVersion:   Dev-Sequencer (7B5AE74C-D270-4C10-A958-57980B212A5A): 13
LogDevObjectVersion:   Dev-VR (D7296918-1DD6-4BDD-9DE2-64A83CC13884): 3
LogDevObjectVersion:   Dev-LoadTimes (C2A15278-BFE7-4AFE-6C17-90FF531DF755): 1
LogDevObjectVersion:   Private-Geometry (6EACA3D4-40EC-4CC1-B786-8BED09428FC5): 3
LogDevObjectVersion:   Dev-AnimPhys (29E575DD-E0A3-4627-9D10-D276232CDCEA): 17
LogDevObjectVersion:   Dev-Anim (AF43A65D-7FD3-4947-9873-3E8ED9C1BB05): 15
LogDevObjectVersion:   Dev-ReflectionCapture (6B266CEC-1EC7-4B8F-A30B-E4D90942FC07): 1
LogDevObjectVersion:   Dev-Automation (0DF73D61-A23F-47EA-B727-89E90C41499A): 1
LogDevObjectVersion:   FortniteMain (601D1886-AC64-4F84-AA16-D3DE0DEAC7D6): 47
LogDevObjectVersion:   FortniteRelease (E7086368-6B23-4C58-8439-1B7016265E91): 1
LogDevObjectVersion:   Dev-Enterprise (9DFFBCD6-494F-0158-E221-12823C92A888): 10
LogDevObjectVersion:   Dev-Niagara (F2AED0AC-9AFE-416F-8664-AA7FFA26D6FC): 1
LogDevObjectVersion:   Dev-Destruction (174F1F0B-B4C6-45A5-B13F-2EE8D0FB917D): 10
LogDevObjectVersion:   Dev-Physics-Ext (35F94A83-E258-406C-A318-09F59610247C): 41
LogDevObjectVersion:   Dev-PhysicsMaterial-Chaos (B68FC16E-8B1B-42E2-B453-215C058844FE): 1
LogDevObjectVersion:   Dev-CineCamera (B2E18506-4273-CFC2-A54E-F4BB758BBA07): 1
LogDevObjectVersion:   Dev-VirtualProduction (64F58936-FD1B-42BA-BA96-7289D5D0FA4E): 1
LogDevObjectVersion:   Dev-MediaFramework (6F0ED827-A609-4895-9C91-998D90180EA4): 2
LogInit: Presizing for max 25165824 objects, including 0 objects not considered by GC, pre-allocating 0 bytes for permanent pool.
LogConfig: Applying CVar settings from Section [/Script/Engine.StreamingSettings] File [C:/Users/ahmed/Documents/GitHub/VR-Room/BIMData/Saved/Config/Windows/Engine.ini]
LogConfig: Setting CVar [[s.MinBulkDataSizeForAsyncLoading:131072]]
LogConfig: Setting CVar [[s.AsyncLoadingThreadEnabled:0]]
LogConfig: Setting CVar [[s.EventDrivenLoaderEnabled:1]]
LogConfig: Setting CVar [[s.WarnIfTimeLimitExceeded:0]]
LogConfig: Setting CVar [[s.TimeLimitExceededMultiplier:1.5]]
LogConfig: Setting CVar [[s.TimeLimitExceededMinTime:0.005]]
LogConfig: Setting CVar [[s.UseBackgroundLevelStreaming:1]]
LogConfig: Setting CVar [[s.PriorityAsyncLoadingExtraTime:15.0]]
LogConfig: Setting CVar [[s.LevelStreamingActorsUpdateTimeLimit:5.0]]
LogConfig: Setting CVar [[s.PriorityLevelStreamingActorsUpdateExtraTime:5.0]]
LogConfig: Setting CVar [[s.LevelStreamingComponentsRegistrationGranularity:10]]
LogConfig: Setting CVar [[s.UnregisterComponentsTimeLimit:1.0]]
LogConfig: Setting CVar [[s.LevelStreamingComponentsUnregistrationGranularity:5]]
LogConfig: Setting CVar [[s.FlushStreamingOnExit:1]]
LogInit: Object subsystem initialized
LogConfig: Setting CVar [[con.DebugEarlyDefault:1]]
LogConfig: Setting CVar [[r.setres:1280x720]]
[2022.02.03-09.11.45:654][  0]LogConfig: Setting CVar [[r.VSync:0]]
[2022.02.03-09.11.45:654][  0]LogConfig: Setting CVar [[r.RHICmdBypass:0]]
[2022.02.03-09.11.45:654][  0]LogConfig: Applying CVar settings from Section [/Script/Engine.RendererSettings] File [C:/Users/ahmed/Documents/GitHub/VR-Room/BIMData/Saved/Config/Windows/Engine.ini]
[2022.02.03-09.11.45:654][  0]LogConfig: Setting CVar [[r.GPUCrashDebugging:0]]
[2022.02.03-09.11.45:654][  0]LogConfig: Applying CVar settings from Section [/Script/Engine.RendererOverrideSettings] File [C:/Users/ahmed/Documents/GitHub/VR-Room/BIMData/Saved/Config/Windows/Engine.ini]
[2022.02.03-09.11.45:654][  0]LogConfig: Applying CVar settings from Section [/Script/Engine.StreamingSettings] File [C:/Users/ahmed/Documents/GitHub/VR-Room/BIMData/Saved/Config/Windows/Engine.ini]
[2022.02.03-09.11.45:654][  0]LogConfig: Setting CVar [[s.MinBulkDataSizeForAsyncLoading:131072]]
[2022.02.03-09.11.45:654][  0]LogConfig: Setting CVar [[s.AsyncLoadingThreadEnabled:0]]
[2022.02.03-09.11.45:654][  0]LogConfig: Setting CVar [[s.EventDrivenLoaderEnabled:1]]
[2022.02.03-09.11.45:654][  0]LogConfig: Setting CVar [[s.WarnIfTimeLimitExceeded:0]]
[2022.02.03-09.11.45:654][  0]LogConfig: Setting CVar [[s.TimeLimitExceededMultiplier:1.5]]
[2022.02.03-09.11.45:654][  0]LogConfig: Setting CVar [[s.TimeLimitExceededMinTime:0.005]]
[2022.02.03-09.11.45:654][  0]LogConfig: Setting CVar [[s.UseBackgroundLevelStreaming:1]]
[2022.02.03-09.11.45:654][  0]LogConfig: Setting CVar [[s.PriorityAsyncLoadingExtraTime:15.0]]
[2022.02.03-09.11.45:654][  0]LogConfig: Setting CVar [[s.LevelStreamingActorsUpdateTimeLimit:5.0]]
[2022.02.03-09.11.45:654][  0]LogConfig: Setting CVar [[s.PriorityLevelStreamingActorsUpdateExtraTime:5.0]]
[2022.02.03-09.11.45:654][  0]LogConfig: Setting CVar [[s.LevelStreamingComponentsRegistrationGranularity:10]]
[2022.02.03-09.11.45:654][  0]LogConfig: Setting CVar [[s.UnregisterComponentsTimeLimit:1.0]]
[2022.02.03-09.11.45:654][  0]LogConfig: Setting CVar [[s.LevelStreamingComponentsUnregistrationGranularity:5]]
[2022.02.03-09.11.45:654][  0]LogConfig: Setting CVar [[s.FlushStreamingOnExit:1]]
[2022.02.03-09.11.45:654][  0]LogConfig: Applying CVar settings from Section [/Script/Engine.GarbageCollectionSettings] File [C:/Users/ahmed/Documents/GitHub/VR-Room/BIMData/Saved/Config/Windows/Engine.ini]
[2022.02.03-09.11.45:654][  0]LogConfig: Setting CVar [[gc.MaxObjectsNotConsideredByGC:1]]
[2022.02.03-09.11.45:654][  0]LogConfig: Setting CVar [[gc.SizeOfPermanentObjectPool:0]]
[2022.02.03-09.11.45:654][  0]LogConfig: Setting CVar [[gc.FlushStreamingOnGC:0]]
[2022.02.03-09.11.45:654][  0]LogConfig: Setting CVar [[gc.NumRetriesBeforeForcingGC:10]]
[2022.02.03-09.11.45:654][  0]LogConfig: Setting CVar [[gc.AllowParallelGC:1]]
[2022.02.03-09.11.45:654][  0]LogConfig: Setting CVar [[gc.TimeBetweenPurgingPendingKillObjects:61.1]]
[2022.02.03-09.11.45:654][  0]LogConfig: Setting CVar [[gc.MaxObjectsInEditor:25165824]]
[2022.02.03-09.11.45:654][  0]LogConfig: Setting CVar [[gc.IncrementalBeginDestroyEnabled:1]]
[2022.02.03-09.11.45:654][  0]LogConfig: Setting CVar [[gc.CreateGCClusters:1]]
[2022.02.03-09.11.45:654][  0]LogConfig: Setting CVar [[gc.MinGCClusterSize:5]]
[2022.02.03-09.11.45:654][  0]LogConfig: Setting CVar [[gc.ActorClusteringEnabled:0]]
[2022.02.03-09.11.45:654][  0]LogConfig: Setting CVar [[gc.BlueprintClusteringEnabled:0]]
[2022.02.03-09.11.45:654][  0]LogConfig: Setting CVar [[gc.UseDisregardForGCOnDedicatedServers:0]]
[2022.02.03-09.11.45:654][  0]LogConfig: Setting CVar [[gc.MultithreadedDestructionEnabled:1]]
[2022.02.03-09.11.45:654][  0]LogConfig: Applying CVar settings from Section [/Script/Engine.NetworkSettings] File [C:/Users/ahmed/Documents/GitHub/VR-Room/BIMData/Saved/Config/Windows/Engine.ini]
[2022.02.03-09.11.45:654][  0]LogConfig: Applying CVar settings from Section [/Script/UnrealEd.CookerSettings] File [C:/Users/ahmed/Documents/GitHub/VR-Room/BIMData/Saved/Config/Windows/Engine.ini]
[2022.02.03-09.11.45:661][  0]LogConfig: Applying CVar settings from Section [ViewDistanceQuality@3] File [C:/Users/ahmed/Documents/GitHub/VR-Room/BIMData/Saved/Config/Windows/Scalability.ini]
[2022.02.03-09.11.45:661][  0]LogConfig: Setting CVar [[r.SkeletalMeshLODBias:0]]
[2022.02.03-09.11.45:661][  0]LogConfig: Setting CVar [[r.ViewDistanceScale:1.0]]
[2022.02.03-09.11.45:661][  0]LogConfig: Applying CVar settings from Section [AntiAliasingQuality@3] File [C:/Users/ahmed/Documents/GitHub/VR-Room/BIMData/Saved/Config/Windows/Scalability.ini]
[2022.02.03-09.11.45:661][  0]LogConfig: Setting CVar [[r.PostProcessAAQuality:4]]
[2022.02.03-09.11.45:661][  0]LogConfig: Applying CVar settings from Section [ShadowQuality@3] File [C:/Users/ahmed/Documents/GitHub/VR-Room/BIMData/Saved/Config/Windows/Scalability.ini]
[2022.02.03-09.11.45:661][  0]LogConfig: Setting CVar [[r.LightFunctionQuality:1]]
[2022.02.03-09.11.45:661][  0]LogConfig: Setting CVar [[r.ShadowQuality:5]]
[2022.02.03-09.11.45:661][  0]LogConfig: Setting CVar [[r.Shadow.CSM.MaxCascades:10]]
[2022.02.03-09.11.45:661][  0]LogConfig: Setting CVar [[r.Shadow.MaxResolution:2048]]
[2022.02.03-09.11.45:661][  0]LogConfig: Setting CVar [[r.Shadow.MaxCSMResolution:2048]]
[2022.02.03-09.11.45:661][  0]LogConfig: Setting CVar [[r.Shadow.RadiusThreshold:0.01]]
[2022.02.03-09.11.45:661][  0]LogConfig: Setting CVar [[r.Shadow.DistanceScale:1.0]]
[2022.02.03-09.11.45:661][  0]LogConfig: Setting CVar [[r.Shadow.CSM.TransitionScale:1.0]]
[2022.02.03-09.11.45:661][  0]LogConfig: Setting CVar [[r.Shadow.PreShadowResolutionFactor:1.0]]
[2022.02.03-09.11.45:661][  0]LogConfig: Setting CVar [[r.DistanceFieldShadowing:1]]
[2022.02.03-09.11.45:661][  0]LogConfig: Setting CVar [[r.DistanceFieldAO:1]]
[2022.02.03-09.11.45:661][  0]LogConfig: Setting CVar [[r.AOQuality:2]]
[2022.02.03-09.11.45:661][  0]LogConfig: Setting CVar [[r.VolumetricFog:1]]
[2022.02.03-09.11.45:661][  0]LogConfig: Setting CVar [[r.VolumetricFog.GridPixelSize:8]]
[2022.02.03-09.11.45:661][  0]LogConfig: Setting CVar [[r.VolumetricFog.GridSizeZ:128]]
[2022.02.03-09.11.45:661][  0]LogConfig: Setting CVar [[r.VolumetricFog.HistoryMissSupersampleCount:4]]
[2022.02.03-09.11.45:661][  0]LogConfig: Setting CVar [[r.LightMaxDrawDistanceScale:1]]
[2022.02.03-09.11.45:661][  0]LogConfig: Setting CVar [[r.CapsuleShadows:1]]
[2022.02.03-09.11.45:661][  0]LogConfig: Applying CVar settings from Section [PostProcessQuality@3] File [C:/Users/ahmed/Documents/GitHub/VR-Room/BIMData/Saved/Config/Windows/Scalability.ini]
[2022.02.03-09.11.45:661][  0]LogConfig: Setting CVar [[r.MotionBlurQuality:4]]
[2022.02.03-09.11.45:661][  0]LogConfig: Setting CVar [[r.AmbientOcclusionMipLevelFactor:0.4]]
[2022.02.03-09.11.45:661][  0]LogConfig: Setting CVar [[r.AmbientOcclusionMaxQuality:100]]
[2022.02.03-09.11.45:661][  0]LogConfig: Setting CVar [[r.AmbientOcclusionLevels:-1]]
[2022.02.03-09.11.45:661][  0]LogConfig: Setting CVar [[r.AmbientOcclusionRadiusScale:1.0]]
[2022.02.03-09.11.45:661][  0]LogConfig: Setting CVar [[r.DepthOfFieldQuality:2]]
[2022.02.03-09.11.45:661][  0]LogConfig: Setting CVar [[r.RenderTargetPoolMin:400]]
[2022.02.03-09.11.45:661][  0]LogConfig: Setting CVar [[r.LensFlareQuality:2]]
[2022.02.03-09.11.45:661][  0]LogConfig: Setting CVar [[r.SceneColorFringeQuality:1]]
[2022.02.03-09.11.45:661][  0]LogConfig: Setting CVar [[r.EyeAdaptationQuality:2]]
[2022.02.03-09.11.45:661][  0]LogConfig: Setting CVar [[r.BloomQuality:5]]
[2022.02.03-09.11.45:661][  0]LogConfig: Setting CVar [[r.FastBlurThreshold:100]]
[2022.02.03-09.11.45:661][  0]LogConfig: Setting CVar [[r.Upscale.Quality:3]]
[2022.02.03-09.11.45:662][  0]LogConfig: Setting CVar [[r.Tonemapper.GrainQuantization:1]]
[2022.02.03-09.11.45:662][  0]LogConfig: Setting CVar [[r.LightShaftQuality:1]]
[2022.02.03-09.11.45:662][  0]LogConfig: Setting CVar [[r.Filter.SizeScale:1]]
[2022.02.03-09.11.45:662][  0]LogConfig: Setting CVar [[r.Tonemapper.Quality:5]]
[2022.02.03-09.11.45:662][  0]LogConfig: Setting CVar [[r.DOF.Gather.AccumulatorQuality:1        ; higher gathering accumulator quality]]
[2022.02.03-09.11.45:662][  0]LogConfig: Setting CVar [[r.DOF.Gather.PostfilterMethod:1          ; Median3x3 postfilering method]]
[2022.02.03-09.11.45:662][  0]LogConfig: Setting CVar [[r.DOF.Gather.EnableBokehSettings:0       ; no bokeh simulation when gathering]]
[2022.02.03-09.11.45:662][  0]LogConfig: Setting CVar [[r.DOF.Gather.RingCount:4                 ; medium number of samples when gathering]]
[2022.02.03-09.11.45:662][  0]LogConfig: Setting CVar [[r.DOF.Scatter.ForegroundCompositing:1    ; additive foreground scattering]]
[2022.02.03-09.11.45:662][  0]LogConfig: Setting CVar [[r.DOF.Scatter.BackgroundCompositing:2    ; additive background scattering]]
[2022.02.03-09.11.45:662][  0]LogConfig: Setting CVar [[r.DOF.Scatter.EnableBokehSettings:1      ; bokeh simulation when scattering]]
[2022.02.03-09.11.45:662][  0]LogConfig: Setting CVar [[r.DOF.Scatter.MaxSpriteRatio:0.1         ; only a maximum of 10% of scattered bokeh]]
[2022.02.03-09.11.45:662][  0]LogConfig: Setting CVar [[r.DOF.Recombine.Quality:1                ; cheap slight out of focus]]
[2022.02.03-09.11.45:662][  0]LogConfig: Setting CVar [[r.DOF.Recombine.EnableBokehSettings:0    ; no bokeh simulation on slight out of focus]]
[2022.02.03-09.11.45:662][  0]LogConfig: Setting CVar [[r.DOF.TemporalAAQuality:1                ; more stable temporal accumulation]]
[2022.02.03-09.11.45:662][  0]LogConfig: Setting CVar [[r.DOF.Kernel.MaxForegroundRadius:0.025]]
[2022.02.03-09.11.45:662][  0]LogConfig: Setting CVar [[r.DOF.Kernel.MaxBackgroundRadius:0.025]]
[2022.02.03-09.11.45:662][  0]LogConfig: Applying CVar settings from Section [TextureQuality@3] File [C:/Users/ahmed/Documents/GitHub/VR-Room/BIMData/Saved/Config/Windows/Scalability.ini]
[2022.02.03-09.11.45:662][  0]LogConfig: Setting CVar [[r.Streaming.MipBias:0]]
[2022.02.03-09.11.45:662][  0]LogConfig: Setting CVar [[r.Streaming.AmortizeCPUToGPUCopy:0]]
[2022.02.03-09.11.45:662][  0]LogConfig: Setting CVar [[r.Streaming.MaxNumTexturesToStreamPerFrame:0]]
[2022.02.03-09.11.45:662][  0]LogConfig: Setting CVar [[r.Streaming.Boost:1]]
[2022.02.03-09.11.45:662][  0]LogConfig: Setting CVar [[r.MaxAnisotropy:8]]
[2022.02.03-09.11.45:662][  0]LogConfig: Setting CVar [[r.VT.MaxAnisotropy:8]]
[2022.02.03-09.11.45:662][  0]LogConfig: Setting CVar [[r.Streaming.LimitPoolSizeToVRAM:0]]
[2022.02.03-09.11.45:662][  0]LogConfig: Setting CVar [[r.Streaming.PoolSize:1000]]
[2022.02.03-09.11.45:662][  0]LogConfig: Setting CVar [[r.Streaming.MaxEffectiveScreenSize:0]]
[2022.02.03-09.11.45:662][  0]LogConfig: Applying CVar settings from Section [EffectsQuality@3] File [C:/Users/ahmed/Documents/GitHub/VR-Room/BIMData/Saved/Config/Windows/Scalability.ini]
[2022.02.03-09.11.45:662][  0]LogConfig: Setting CVar [[r.TranslucencyLightingVolumeDim:64]]
[2022.02.03-09.11.45:662][  0]LogConfig: Setting CVar [[r.RefractionQuality:2]]
[2022.02.03-09.11.45:662][  0]LogConfig: Setting CVar [[r.SSR.Quality:3]]
[2022.02.03-09.11.45:662][  0]LogConfig: Setting CVar [[r.SSR.HalfResSceneColor:0]]
[2022.02.03-09.11.45:662][  0]LogConfig: Setting CVar [[r.SceneColorFormat:4]]
[2022.02.03-09.11.45:662][  0]LogConfig: Setting CVar [[r.DetailMode:2]]
[2022.02.03-09.11.45:662][  0]LogConfig: Setting CVar [[r.TranslucencyVolumeBlur:1]]
[2022.02.03-09.11.45:662][  0]LogConfig: Setting CVar [[r.MaterialQualityLevel:1 ; High quality]]
[2022.02.03-09.11.45:662][  0]LogConfig: Setting CVar [[r.AnisotropicMaterials:1]]
[2022.02.03-09.11.45:662][  0]LogConfig: Setting CVar [[r.SSS.Scale:1]]
[2022.02.03-09.11.45:662][  0]LogConfig: Setting CVar [[r.SSS.SampleSet:2]]
[2022.02.03-09.11.45:662][  0]LogConfig: Setting CVar [[r.SSS.Quality:1]]
[2022.02.03-09.11.45:662][  0]LogConfig: Setting CVar [[r.SSS.HalfRes:0]]
[2022.02.03-09.11.45:662][  0]LogConfig: Setting CVar [[r.SSGI.Quality:3]]
[2022.02.03-09.11.45:662][  0]LogConfig: Setting CVar [[r.EmitterSpawnRateScale:1.0]]
[2022.02.03-09.11.45:662][  0]LogConfig: Setting CVar [[r.ParticleLightQuality:2]]
[2022.02.03-09.11.45:662][  0]LogConfig: Setting CVar [[r.SkyAtmosphere.AerialPerspectiveLUT.FastApplyOnOpaque:1 ; Always have FastSkyLUT 1 in this case to avoid wrong sky]]
[2022.02.03-09.11.45:662][  0]LogConfig: Setting CVar [[r.SkyAtmosphere.AerialPerspectiveLUT.SampleCountMaxPerSlice:4]]
[2022.02.03-09.11.45:662][  0]LogConfig: Setting CVar [[r.SkyAtmosphere.AerialPerspectiveLUT.DepthResolution:16.0]]
[2022.02.03-09.11.45:662][  0]LogConfig: Setting CVar [[r.SkyAtmosphere.FastSkyLUT:1]]
[2022.02.03-09.11.45:662][  0]LogConfig: Setting CVar [[r.SkyAtmosphere.FastSkyLUT.SampleCountMin:4.0]]
[2022.02.03-09.11.45:662][  0]LogConfig: Setting CVar [[r.SkyAtmosphere.FastSkyLUT.SampleCountMax:128.0]]
[2022.02.03-09.11.45:662][  0]LogConfig: Setting CVar [[r.SkyAtmosphere.SampleCountMin:4.0]]
[2022.02.03-09.11.45:662][  0]LogConfig: Setting CVar [[r.SkyAtmosphere.SampleCountMax:128.0]]
[2022.02.03-09.11.45:662][  0]LogConfig: Setting CVar [[r.SkyAtmosphere.TransmittanceLUT.UseSmallFormat:0]]
[2022.02.03-09.11.45:662][  0]LogConfig: Setting CVar [[r.SkyAtmosphere.TransmittanceLUT.SampleCount:10.0]]
[2022.02.03-09.11.45:662][  0]LogConfig: Setting CVar [[r.SkyAtmosphere.MultiScatteringLUT.SampleCount:15.0]]
[2022.02.03-09.11.45:662][  0]LogConfig: Setting CVar [[r.SkyLight.RealTimeReflectionCapture:1]]
[2022.02.03-09.11.45:662][  0]LogConfig: Applying CVar settings from Section [FoliageQuality@3] File [C:/Users/ahmed/Documents/GitHub/VR-Room/BIMData/Saved/Config/Windows/Scalability.ini]
[2022.02.03-09.11.45:662][  0]LogConfig: Setting CVar [[foliage.DensityScale:1.0]]
[2022.02.03-09.11.45:662][  0]LogConfig: Setting CVar [[grass.DensityScale:1.0]]
[2022.02.03-09.11.45:662][  0]LogConfig: Applying CVar settings from Section [ShadingQuality@3] File [C:/Users/ahmed/Documents/GitHub/VR-Room/BIMData/Saved/Config/Windows/Scalability.ini]
[2022.02.03-09.11.45:662][  0]LogConfig: Setting CVar [[r.HairStrands.SkyLighting.IntegrationType:2]]
[2022.02.03-09.11.45:662][  0]LogConfig: Setting CVar [[r.HairStrands.SkyAO.SampleCount:4]]
[2022.02.03-09.11.45:662][  0]LogConfig: Setting CVar [[r.HairStrands.Visibility.MSAA.SamplePerPixel:4]]
[2022.02.03-09.11.45:662][  0]LogInit: Selected Device Profile: [Windows]
[2022.02.03-09.11.45:662][  0]LogInit: Applying CVar settings loaded from the selected device profile: [Windows]
[2022.02.03-09.11.45:662][  0]LogHAL: Display: Platform has ~ 32 GB [34226233344 / 34359738368 / 32], which maps to Largest [LargestMinGB=32, LargerMinGB=12, DefaultMinGB=8, SmallerMinGB=6, SmallestMinGB=0)
[2022.02.03-09.11.45:662][  0]LogInit: Going up to parent DeviceProfile []
[2022.02.03-09.11.45:662][  0]LogConfig: Applying CVar settings from Section [ViewDistanceQuality@3] File [C:/Users/ahmed/Documents/GitHub/VR-Room/BIMData/Saved/Config/Windows/Scalability.ini]
[2022.02.03-09.11.45:662][  0]LogConfig: Setting CVar [[r.SkeletalMeshLODBias:0]]
[2022.02.03-09.11.45:662][  0]LogConfig: Setting CVar [[r.ViewDistanceScale:1.0]]
[2022.02.03-09.11.45:662][  0]LogConfig: Applying CVar settings from Section [AntiAliasingQuality@3] File [C:/Users/ahmed/Documents/GitHub/VR-Room/BIMData/Saved/Config/Windows/Scalability.ini]
[2022.02.03-09.11.45:662][  0]LogConfig: Setting CVar [[r.PostProcessAAQuality:4]]
[2022.02.03-09.11.45:662][  0]LogConfig: Applying CVar settings from Section [ShadowQuality@3] File [C:/Users/ahmed/Documents/GitHub/VR-Room/BIMData/Saved/Config/Windows/Scalability.ini]
[2022.02.03-09.11.45:662][  0]LogConfig: Setting CVar [[r.LightFunctionQuality:1]]
[2022.02.03-09.11.45:662][  0]LogConfig: Setting CVar [[r.ShadowQuality:5]]
[2022.02.03-09.11.45:662][  0]LogConfig: Setting CVar [[r.Shadow.CSM.MaxCascades:10]]
[2022.02.03-09.11.45:662][  0]LogConfig: Setting CVar [[r.Shadow.MaxResolution:2048]]
[2022.02.03-09.11.45:662][  0]LogConfig: Setting CVar [[r.Shadow.MaxCSMResolution:2048]]
[2022.02.03-09.11.45:662][  0]LogConfig: Setting CVar [[r.Shadow.RadiusThreshold:0.01]]
[2022.02.03-09.11.45:662][  0]LogConfig: Setting CVar [[r.Shadow.DistanceScale:1.0]]
[2022.02.03-09.11.45:662][  0]LogConfig: Setting CVar [[r.Shadow.CSM.TransitionScale:1.0]]
[2022.02.03-09.11.45:662][  0]LogConfig: Setting CVar [[r.Shadow.PreShadowResolutionFactor:1.0]]
[2022.02.03-09.11.45:662][  0]LogConfig: Setting CVar [[r.DistanceFieldShadowing:1]]
[2022.02.03-09.11.45:662][  0]LogConfig: Setting CVar [[r.DistanceFieldAO:1]]
[2022.02.03-09.11.45:662][  0]LogConfig: Setting CVar [[r.AOQuality:2]]
[2022.02.03-09.11.45:662][  0]LogConfig: Setting CVar [[r.VolumetricFog:1]]
[2022.02.03-09.11.45:662][  0]LogConfig: Setting CVar [[r.VolumetricFog.GridPixelSize:8]]
[2022.02.03-09.11.45:662][  0]LogConfig: Setting CVar [[r.VolumetricFog.GridSizeZ:128]]
[2022.02.03-09.11.45:662][  0]LogConfig: Setting CVar [[r.VolumetricFog.HistoryMissSupersampleCount:4]]
[2022.02.03-09.11.45:662][  0]LogConfig: Setting CVar [[r.LightMaxDrawDistanceScale:1]]
[2022.02.03-09.11.45:662][  0]LogConfig: Setting CVar [[r.CapsuleShadows:1]]
[2022.02.03-09.11.45:662][  0]LogConfig: Applying CVar settings from Section [PostProcessQuality@3] File [C:/Users/ahmed/Documents/GitHub/VR-Room/BIMData/Saved/Config/Windows/Scalability.ini]
[2022.02.03-09.11.45:662][  0]LogConfig: Setting CVar [[r.MotionBlurQuality:4]]
[2022.02.03-09.11.45:662][  0]LogConfig: Setting CVar [[r.AmbientOcclusionMipLevelFactor:0.4]]
[2022.02.03-09.11.45:662][  0]LogConfig: Setting CVar [[r.AmbientOcclusionMaxQuality:100]]
[2022.02.03-09.11.45:662][  0]LogConfig: Setting CVar [[r.AmbientOcclusionLevels:-1]]
[2022.02.03-09.11.45:662][  0]LogConfig: Setting CVar [[r.AmbientOcclusionRadiusScale:1.0]]
[2022.02.03-09.11.45:662][  0]LogConfig: Setting CVar [[r.DepthOfFieldQuality:2]]
[2022.02.03-09.11.45:662][  0]LogConfig: Setting CVar [[r.RenderTargetPoolMin:400]]
[2022.02.03-09.11.45:662][  0]LogConfig: Setting CVar [[r.LensFlareQuality:2]]
[2022.02.03-09.11.45:662][  0]LogConfig: Setting CVar [[r.SceneColorFringeQuality:1]]
[2022.02.03-09.11.45:662][  0]LogConfig: Setting CVar [[r.EyeAdaptationQuality:2]]
[2022.02.03-09.11.45:662][  0]LogConfig: Setting CVar [[r.BloomQuality:5]]
[2022.02.03-09.11.45:662][  0]LogConfig: Setting CVar [[r.FastBlurThreshold:100]]
[2022.02.03-09.11.45:662][  0]LogConfig: Setting CVar [[r.Upscale.Quality:3]]
[2022.02.03-09.11.45:662][  0]LogConfig: Setting CVar [[r.Tonemapper.GrainQuantization:1]]
[2022.02.03-09.11.45:662][  0]LogConfig: Setting CVar [[r.LightShaftQuality:1]]
[2022.02.03-09.11.45:662][  0]LogConfig: Setting CVar [[r.Filter.SizeScale:1]]
[2022.02.03-09.11.45:662][  0]LogConfig: Setting CVar [[r.Tonemapper.Quality:5]]
[2022.02.03-09.11.45:662][  0]LogConfig: Setting CVar [[r.DOF.Gather.AccumulatorQuality:1        ; higher gathering accumulator quality]]
[2022.02.03-09.11.45:662][  0]LogConfig: Setting CVar [[r.DOF.Gather.PostfilterMethod:1          ; Median3x3 postfilering method]]
[2022.02.03-09.11.45:662][  0]LogConfig: Setting CVar [[r.DOF.Gather.EnableBokehSettings:0       ; no bokeh simulation when gathering]]
[2022.02.03-09.11.45:662][  0]LogConfig: Setting CVar [[r.DOF.Gather.RingCount:4                 ; medium number of samples when gathering]]
[2022.02.03-09.11.45:662][  0]LogConfig: Setting CVar [[r.DOF.Scatter.ForegroundCompositing:1    ; additive foreground scattering]]
[2022.02.03-09.11.45:662][  0]LogConfig: Setting CVar [[r.DOF.Scatter.BackgroundCompositing:2    ; additive background scattering]]
[2022.02.03-09.11.45:662][  0]LogConfig: Setting CVar [[r.DOF.Scatter.EnableBokehSettings:1      ; bokeh simulation when scattering]]
[2022.02.03-09.11.45:662][  0]LogConfig: Setting CVar [[r.DOF.Scatter.MaxSpriteRatio:0.1         ; only a maximum of 10% of scattered bokeh]]
[2022.02.03-09.11.45:662][  0]LogConfig: Setting CVar [[r.DOF.Recombine.Quality:1                ; cheap slight out of focus]]
[2022.02.03-09.11.45:662][  0]LogConfig: Setting CVar [[r.DOF.Recombine.EnableBokehSettings:0    ; no bokeh simulation on slight out of focus]]
[2022.02.03-09.11.45:662][  0]LogConfig: Setting CVar [[r.DOF.TemporalAAQuality:1                ; more stable temporal accumulation]]
[2022.02.03-09.11.45:662][  0]LogConfig: Setting CVar [[r.DOF.Kernel.MaxForegroundRadius:0.025]]
[2022.02.03-09.11.45:662][  0]LogConfig: Setting CVar [[r.DOF.Kernel.MaxBackgroundRadius:0.025]]
[2022.02.03-09.11.45:662][  0]LogConfig: Applying CVar settings from Section [TextureQuality@3] File [C:/Users/ahmed/Documents/GitHub/VR-Room/BIMData/Saved/Config/Windows/Scalability.ini]
[2022.02.03-09.11.45:662][  0]LogConfig: Setting CVar [[r.Streaming.MipBias:0]]
[2022.02.03-09.11.45:662][  0]LogConfig: Setting CVar [[r.Streaming.AmortizeCPUToGPUCopy:0]]
[2022.02.03-09.11.45:662][  0]LogConfig: Setting CVar [[r.Streaming.MaxNumTexturesToStreamPerFrame:0]]
[2022.02.03-09.11.45:662][  0]LogConfig: Setting CVar [[r.Streaming.Boost:1]]
[2022.02.03-09.11.45:662][  0]LogConfig: Setting CVar [[r.MaxAnisotropy:8]]
[2022.02.03-09.11.45:662][  0]LogConfig: Setting CVar [[r.VT.MaxAnisotropy:8]]
[2022.02.03-09.11.45:662][  0]LogConfig: Setting CVar [[r.Streaming.LimitPoolSizeToVRAM:0]]
[2022.02.03-09.11.45:662][  0]LogConfig: Setting CVar [[r.Streaming.PoolSize:1000]]
[2022.02.03-09.11.45:662][  0]LogConfig: Setting CVar [[r.Streaming.MaxEffectiveScreenSize:0]]
[2022.02.03-09.11.45:662][  0]LogConfig: Applying CVar settings from Section [EffectsQuality@3] File [C:/Users/ahmed/Documents/GitHub/VR-Room/BIMData/Saved/Config/Windows/Scalability.ini]
[2022.02.03-09.11.45:662][  0]LogConfig: Setting CVar [[r.TranslucencyLightingVolumeDim:64]]
[2022.02.03-09.11.45:662][  0]LogConfig: Setting CVar [[r.RefractionQuality:2]]
[2022.02.03-09.11.45:662][  0]LogConfig: Setting CVar [[r.SSR.Quality:3]]
[2022.02.03-09.11.45:662][  0]LogConfig: Setting CVar [[r.SSR.HalfResSceneColor:0]]
[2022.02.03-09.11.45:662][  0]LogConfig: Setting CVar [[r.SceneColorFormat:4]]
[2022.02.03-09.11.45:662][  0]LogConfig: Setting CVar [[r.DetailMode:2]]
[2022.02.03-09.11.45:662][  0]LogConfig: Setting CVar [[r.TranslucencyVolumeBlur:1]]
[2022.02.03-09.11.45:662][  0]LogConfig: Setting CVar [[r.MaterialQualityLevel:1 ; High quality]]
[2022.02.03-09.11.45:662][  0]LogConfig: Setting CVar [[r.AnisotropicMaterials:1]]
[2022.02.03-09.11.45:662][  0]LogConfig: Setting CVar [[r.SSS.Scale:1]]
[2022.02.03-09.11.45:662][  0]LogConfig: Setting CVar [[r.SSS.SampleSet:2]]
[2022.02.03-09.11.45:662][  0]LogConfig: Setting CVar [[r.SSS.Quality:1]]
[2022.02.03-09.11.45:662][  0]LogConfig: Setting CVar [[r.SSS.HalfRes:0]]
[2022.02.03-09.11.45:662][  0]LogConfig: Setting CVar [[r.SSGI.Quality:3]]
[2022.02.03-09.11.45:662][  0]LogConfig: Setting CVar [[r.EmitterSpawnRateScale:1.0]]
[2022.02.03-09.11.45:662][  0]LogConfig: Setting CVar [[r.ParticleLightQuality:2]]
[2022.02.03-09.11.45:662][  0]LogConfig: Setting CVar [[r.SkyAtmosphere.AerialPerspectiveLUT.FastApplyOnOpaque:1 ; Always have FastSkyLUT 1 in this case to avoid wrong sky]]
[2022.02.03-09.11.45:662][  0]LogConfig: Setting CVar [[r.SkyAtmosphere.AerialPerspectiveLUT.SampleCountMaxPerSlice:4]]
[2022.02.03-09.11.45:662][  0]LogConfig: Setting CVar [[r.SkyAtmosphere.AerialPerspectiveLUT.DepthResolution:16.0]]
[2022.02.03-09.11.45:663][  0]LogConfig: Setting CVar [[r.SkyAtmosphere.FastSkyLUT:1]]
[2022.02.03-09.11.45:663][  0]LogConfig: Setting CVar [[r.SkyAtmosphere.FastSkyLUT.SampleCountMin:4.0]]
[2022.02.03-09.11.45:663][  0]LogConfig: Setting CVar [[r.SkyAtmosphere.FastSkyLUT.SampleCountMax:128.0]]
[2022.02.03-09.11.45:663][  0]LogConfig: Setting CVar [[r.SkyAtmosphere.SampleCountMin:4.0]]
[2022.02.03-09.11.45:663][  0]LogConfig: Setting CVar [[r.SkyAtmosphere.SampleCountMax:128.0]]
[2022.02.03-09.11.45:663][  0]LogConfig: Setting CVar [[r.SkyAtmosphere.TransmittanceLUT.UseSmallFormat:0]]
[2022.02.03-09.11.45:663][  0]LogConfig: Setting CVar [[r.SkyAtmosphere.TransmittanceLUT.SampleCount:10.0]]
[2022.02.03-09.11.45:663][  0]LogConfig: Setting CVar [[r.SkyAtmosphere.MultiScatteringLUT.SampleCount:15.0]]
[2022.02.03-09.11.45:663][  0]LogConfig: Setting CVar [[r.SkyLight.RealTimeReflectionCapture:1]]
[2022.02.03-09.11.45:663][  0]LogConfig: Applying CVar settings from Section [FoliageQuality@3] File [C:/Users/ahmed/Documents/GitHub/VR-Room/BIMData/Saved/Config/Windows/Scalability.ini]
[2022.02.03-09.11.45:663][  0]LogConfig: Setting CVar [[foliage.DensityScale:1.0]]
[2022.02.03-09.11.45:663][  0]LogConfig: Setting CVar [[grass.DensityScale:1.0]]
[2022.02.03-09.11.45:663][  0]LogConfig: Applying CVar settings from Section [ShadingQuality@3] File [C:/Users/ahmed/Documents/GitHub/VR-Room/BIMData/Saved/Config/Windows/Scalability.ini]
[2022.02.03-09.11.45:663][  0]LogConfig: Setting CVar [[r.HairStrands.SkyLighting.IntegrationType:2]]
[2022.02.03-09.11.45:663][  0]LogConfig: Setting CVar [[r.HairStrands.SkyAO.SampleCount:4]]
[2022.02.03-09.11.45:663][  0]LogConfig: Setting CVar [[r.HairStrands.Visibility.MSAA.SamplePerPixel:4]]
[2022.02.03-09.11.45:663][  0]LogConfig: Applying CVar settings from Section [Startup] File [../../../Engine/Config/ConsoleVariables.ini]
[2022.02.03-09.11.45:663][  0]LogConfig: Setting CVar [[net.UseAdaptiveNetUpdateFrequency:0]]
[2022.02.03-09.11.45:663][  0]LogConfig: Setting CVar [[p.chaos.AllowCreatePhysxBodies:1]]
[2022.02.03-09.11.45:663][  0]LogConfig: Setting CVar [[fx.SkipVectorVMBackendOptimizations:1]]
[2022.02.03-09.11.45:663][  0]LogConfig: Applying CVar settings from Section [ConsoleVariables] File [C:/Users/ahmed/Documents/GitHub/VR-Room/BIMData/Saved/Config/Windows/Engine.ini]
[2022.02.03-09.11.45:663][  0]LogConfig: Applying CVar settings from Section [ConsoleVariables] File [C:/Users/ahmed/Documents/GitHub/VR-Room/BIMData/Saved/Config/Windows/Editor.ini]
[2022.02.03-09.11.45:663][  0]LogInit: Computer: DESKTOP-H5BA5UC
[2022.02.03-09.11.45:663][  0]LogInit: User: AhmedAIbrahim
[2022.02.03-09.11.45:663][  0]LogInit: CPU Page size=4096, Cores=8
[2022.02.03-09.11.45:663][  0]LogInit: High frequency timer resolution =10.000000 MHz
[2022.02.03-09.11.45:663][  0]LogMemory: Memory total: Physical=31.9GB (32GB approx)
[2022.02.03-09.11.45:663][  0]LogMemory: Platform Memory Stats for Windows
[2022.02.03-09.11.45:663][  0]LogMemory: Process Physical Memory: 148.52 MB used, 148.52 MB peak
[2022.02.03-09.11.45:663][  0]LogMemory: Process Virtual Memory: 131.46 MB used, 131.46 MB peak
[2022.02.03-09.11.45:663][  0]LogMemory: Physical Memory: 14186.69 MB used,  18453.99 MB free, 32640.68 MB total
[2022.02.03-09.11.45:663][  0]LogMemory: Virtual Memory: 134193488.00 MB used,  24240.35 MB free, 134217728.00 MB total
[2022.02.03-09.11.45:698][  0]LogWindows: WindowsPlatformFeatures enabled
[2022.02.03-09.11.45:725][  0]LogInit: Physics initialised using underlying interface: PhysX
[2022.02.03-09.11.45:726][  0]LogInit: Using OS detected language (en-US).
[2022.02.03-09.11.45:726][  0]LogInit: Using OS detected locale (en-DE).
[2022.02.03-09.11.45:730][  0]LogTextLocalizationManager: No specific localization for 'en-US' exists, so the 'en' localization will be used.
[2022.02.03-09.11.45:875][  0]LogInit: Setting process to per monitor DPI aware
[2022.02.03-09.11.45:885][  0]LogWindowsTextInputMethodSystem: Display: IME system deactivated.
[2022.02.03-09.11.45:896][  0]LogSlate: New Slate User Created.  User Index 0, Is Virtual User: 0
[2022.02.03-09.11.45:896][  0]LogSlate: Slate User Registered.  User Index 0, Is Virtual User: 0
[2022.02.03-09.11.45:991][  0]LogD3D11RHI: Loaded GFSDK_Aftermath_Lib.x64.dll
[2022.02.03-09.11.46:028][  0]LogHMD: Failed to initialize OpenVR with code 110
[2022.02.03-09.11.46:028][  0]LogD3D11RHI: D3D11 min allowed feature level: 11_0
[2022.02.03-09.11.46:028][  0]LogD3D11RHI: D3D11 max allowed feature level: 11_0
[2022.02.03-09.11.46:028][  0]LogD3D11RHI: D3D11 adapters:
[2022.02.03-09.11.46:104][  0]LogD3D11RHI:    0. 'NVIDIA GeForce RTX 3080 Laptop GPU' (Feature Level 11_0)
[2022.02.03-09.11.46:104][  0]LogD3D11RHI:       8042/0/16320 MB DedicatedVideo/DedicatedSystem/SharedSystem, Outputs:1, VendorId:0x10de
[2022.02.03-09.11.46:119][  0]LogD3D11RHI:    1. 'Intel(R) UHD Graphics' (Feature Level 11_0)
[2022.02.03-09.11.46:119][  0]LogD3D11RHI:       128/0/16320 MB DedicatedVideo/DedicatedSystem/SharedSystem, Outputs:0, VendorId:0x8086
[2022.02.03-09.11.46:121][  0]LogD3D11RHI:    2. 'Microsoft Basic Render Driver' (Feature Level 11_0)
[2022.02.03-09.11.46:121][  0]LogD3D11RHI:       0/0/16320 MB DedicatedVideo/DedicatedSystem/SharedSystem, Outputs:0, VendorId:0x1414
[2022.02.03-09.11.46:121][  0]LogD3D11RHI: Chosen D3D11 Adapter:
[2022.02.03-09.11.46:121][  0]LogD3D11RHI:     Description : NVIDIA GeForce RTX 3080 Laptop GPU
[2022.02.03-09.11.46:121][  0]LogD3D11RHI:     VendorId    : 10de
[2022.02.03-09.11.46:121][  0]LogD3D11RHI:     DeviceId    : 249c
[2022.02.03-09.11.46:121][  0]LogD3D11RHI:     SubSysId    : 76c41458
[2022.02.03-09.11.46:121][  0]LogD3D11RHI:     Revision    : 00a1
[2022.02.03-09.11.46:121][  0]LogD3D11RHI:     DedicatedVideoMemory : 8432648192 bytes
[2022.02.03-09.11.46:121][  0]LogD3D11RHI:     DedicatedSystemMemory : 0 bytes
[2022.02.03-09.11.46:121][  0]LogD3D11RHI:     SharedSystemMemory : 17113116672 bytes
[2022.02.03-09.11.46:121][  0]LogD3D11RHI:     AdapterLuid : 0 70719
[2022.02.03-09.11.46:127][  0]LogD3D11RHI: Creating new Direct3DDevice
[2022.02.03-09.11.46:127][  0]LogD3D11RHI:     GPU DeviceId: 0x249c (for the marketing name, search the web for "GPU Device Id")
[2022.02.03-09.11.46:127][  0]LogWindows: EnumDisplayDevices:
[2022.02.03-09.11.46:127][  0]LogWindows:    0. 'Intel(R) UHD Graphics' (P:1 D:1)
[2022.02.03-09.11.46:128][  0]LogWindows:    1. 'Intel(R) UHD Graphics' (P:0 D:0)
[2022.02.03-09.11.46:128][  0]LogWindows:    2. 'Intel(R) UHD Graphics' (P:0 D:0)
[2022.02.03-09.11.46:128][  0]LogWindows:    3. 'NVIDIA GeForce RTX 3080 Laptop GPU' (P:0 D:0)
[2022.02.03-09.11.46:128][  0]LogWindows:    4. 'NVIDIA GeForce RTX 3080 Laptop GPU' (P:0 D:0)
[2022.02.03-09.11.46:128][  0]LogWindows:    5. 'NVIDIA GeForce RTX 3080 Laptop GPU' (P:0 D:0)
[2022.02.03-09.11.46:128][  0]LogWindows:    6. 'NVIDIA GeForce RTX 3080 Laptop GPU' (P:0 D:0)
[2022.02.03-09.11.46:128][  0]LogWindows: DebugString: PrimaryIsNotTheChoosenAdapter PrimaryIsNotTheChoosenAdapter PrimaryIsNotTheChoosenAdapter FoundDriverCount:4 
[2022.02.03-09.11.46:128][  0]LogD3D11RHI:     Adapter Name: NVIDIA GeForce RTX 3080 Laptop GPU
[2022.02.03-09.11.46:128][  0]LogD3D11RHI:   Driver Version: 472.39 (internal:30.0.14.7239, unified:472.39)
[2022.02.03-09.11.46:129][  0]LogD3D11RHI:      Driver Date: 10-13-2021
[2022.02.03-09.11.46:129][  0]LogRHI: Texture pool is 5629 MB (70% of 8042 MB)
[2022.02.03-09.11.46:129][  0]LogD3D11RHI: Creating D3DDevice using adapter:
[2022.02.03-09.11.46:129][  0]LogD3D11RHI:     Description : NVIDIA GeForce RTX 3080 Laptop GPU
[2022.02.03-09.11.46:129][  0]LogD3D11RHI:     VendorId    : 10de
[2022.02.03-09.11.46:129][  0]LogD3D11RHI:     DeviceId    : 249c
[2022.02.03-09.11.46:129][  0]LogD3D11RHI:     SubSysId    : 76c41458
[2022.02.03-09.11.46:129][  0]LogD3D11RHI:     Revision    : 00a1
[2022.02.03-09.11.46:129][  0]LogD3D11RHI:     DedicatedVideoMemory : 8432648192 bytes
[2022.02.03-09.11.46:129][  0]LogD3D11RHI:     DedicatedSystemMemory : 0 bytes
[2022.02.03-09.11.46:129][  0]LogD3D11RHI:     SharedSystemMemory : 17113116672 bytes
[2022.02.03-09.11.46:129][  0]LogD3D11RHI:     AdapterLuid : 0 70719
[2022.02.03-09.11.46:187][  0]LogD3D11RHI: RHI has support for 64 bit atomics
[2022.02.03-09.11.46:187][  0]LogD3D11RHI: Async texture creation enabled
[2022.02.03-09.11.46:187][  0]LogD3D11RHI: Array index from any shader is supported
[2022.02.03-09.11.46:207][  0]LogD3D11RHI: GPU Timing Frequency: 1000.000000 (Debug: 2 1)
[2022.02.03-09.11.46:238][  0]LogRHI: GeForceNow SDK initialized: 1
[2022.02.03-09.11.46:467][  0]LogTargetPlatformManager: Display: Loaded TargetPlatform 'AllDesktop'
[2022.02.03-09.11.46:484][  0]LogTargetPlatformManager: Display: Loaded TargetPlatform 'Android'
[2022.02.03-09.11.46:484][  0]LogTargetPlatformManager: Display: Loaded TargetPlatform 'Android_ASTC'
[2022.02.03-09.11.46:484][  0]LogTargetPlatformManager: Display: Loaded TargetPlatform 'Android_DXT'
[2022.02.03-09.11.46:484][  0]LogTargetPlatformManager: Display: Loaded TargetPlatform 'Android_ETC2'
[2022.02.03-09.11.46:484][  0]LogTargetPlatformManager: Display: Loaded TargetPlatform 'AndroidClient'
[2022.02.03-09.11.46:484][  0]LogTargetPlatformManager: Display: Loaded TargetPlatform 'Android_ASTCClient'
[2022.02.03-09.11.46:484][  0]LogTargetPlatformManager: Display: Loaded TargetPlatform 'Android_DXTClient'
[2022.02.03-09.11.46:484][  0]LogTargetPlatformManager: Display: Loaded TargetPlatform 'Android_ETC2Client'
[2022.02.03-09.11.46:484][  0]LogTargetPlatformManager: Display: Loaded TargetPlatform 'Android_Multi'
[2022.02.03-09.11.46:484][  0]LogTargetPlatformManager: Display: Loaded TargetPlatform 'Android_MultiClient'
[2022.02.03-09.11.46:499][  0]LogTargetPlatformManager: Display: Loaded TargetPlatform 'IOSClient'
[2022.02.03-09.11.46:499][  0]LogTargetPlatformManager: Display: Loaded TargetPlatform 'IOS'
[2022.02.03-09.11.46:506][  0]LogTargetPlatformManager: Display: Loaded TargetPlatform 'Linux'
[2022.02.03-09.11.46:510][  0]LogTargetPlatformManager: Display: Loaded TargetPlatform 'LinuxNoEditor'
[2022.02.03-09.11.46:513][  0]LogTargetPlatformManager: Display: Loaded TargetPlatform 'LinuxClient'
[2022.02.03-09.11.46:517][  0]LogTargetPlatformManager: Display: Loaded TargetPlatform 'LinuxServer'
[2022.02.03-09.11.46:524][  0]LogTargetPlatformManager: Display: Loaded TargetPlatform 'LinuxAArch64NoEditor'
[2022.02.03-09.11.46:527][  0]LogTargetPlatformManager: Display: Loaded TargetPlatform 'LinuxAArch64Client'
[2022.02.03-09.11.46:531][  0]LogTargetPlatformManager: Display: Loaded TargetPlatform 'LinuxAArch64Server'
[2022.02.03-09.11.46:549][  0]LogTargetPlatformManager: Display: Loaded TargetPlatform 'Lumin'
[2022.02.03-09.11.46:549][  0]LogTargetPlatformManager: Display: Loaded TargetPlatform 'LuminClient'
[2022.02.03-09.11.46:556][  0]LogTargetPlatformManager: Display: Loaded TargetPlatform 'MacNoEditor'
[2022.02.03-09.11.46:559][  0]LogTargetPlatformManager: Display: Loaded TargetPlatform 'Mac'
[2022.02.03-09.11.46:562][  0]LogTargetPlatformManager: Display: Loaded TargetPlatform 'MacClient'
[2022.02.03-09.11.46:566][  0]LogTargetPlatformManager: Display: Loaded TargetPlatform 'MacServer'
[2022.02.03-09.11.46:573][  0]LogTargetPlatformManager: Display: Loaded TargetPlatform 'TVOSClient'
[2022.02.03-09.11.46:573][  0]LogTargetPlatformManager: Display: Loaded TargetPlatform 'TVOS'
[2022.02.03-09.11.46:580][  0]LogTargetPlatformManager: Display: Loaded TargetPlatform 'WindowsNoEditor'
[2022.02.03-09.11.46:583][  0]LogTargetPlatformManager: Display: Loaded TargetPlatform 'Windows'
[2022.02.03-09.11.46:586][  0]LogTargetPlatformManager: Display: Loaded TargetPlatform 'WindowsClient'
[2022.02.03-09.11.46:590][  0]LogTargetPlatformManager: Display: Loaded TargetPlatform 'WindowsServer'
[2022.02.03-09.11.46:590][  0]LogTargetPlatformManager: Display: Building Assets For Windows
[2022.02.03-09.11.46:595][  0]LogAudioDebug: Display: Lib vorbis DLL was dynamically loaded.
[2022.02.03-09.11.46:618][  0]LogTextureFormatOodle: Display: Oodle Texture 2.9.0 init RDO Off
[2022.02.03-09.11.46:641][  0]LogRendererCore: Ray tracing is disabled. Reason: r.RayTracing=0.
[2022.02.03-09.11.46:641][  0]LogShaderCompilers: Guid format shader working directory is -16 characters bigger than the processId version (../../../../../../Users/ahmed/Documents/GitHub/VR-Room/BIMData/Intermediate/Shaders/WorkingDirectory/8868/).
[2022.02.03-09.11.46:641][  0]LogShaderCompilers: Cleaned the shader compiler working directory 'C:/Users/ahmed/AppData/Local/Temp/UnrealShaderWorkingDir/DCA9B18B424D545015C1A899B15624B6/'.
[2022.02.03-09.11.46:641][  0]LogXGEController: Cannot use XGE Controller as Incredibuild is not installed on this machine.
[2022.02.03-09.11.46:641][  0]LogShaderCompilers: Cannot use XGE Shader Compiler as Incredibuild is not installed on this machine.
[2022.02.03-09.11.46:641][  0]LogShaderCompilers: Display: Using Local Shader Compiler.
[2022.02.03-09.11.47:302][  0]LogDerivedDataCache: Display: Max Cache Size: 512 MB
[2022.02.03-09.11.47:361][  0]LogDerivedDataCache: Loaded boot cache 0.06s 124MB C:/Users/ahmed/AppData/Local/UnrealEngine/4.27/DerivedDataCache/Boot.ddc.
[2022.02.03-09.11.47:361][  0]LogDerivedDataCache: Display: Loaded Boot cache: C:/Users/ahmed/AppData/Local/UnrealEngine/4.27/DerivedDataCache/Boot.ddc
[2022.02.03-09.11.47:361][  0]LogDerivedDataCache: FDerivedDataBackendGraph:  Pak pak cache file ../../../../../../Users/ahmed/Documents/GitHub/VR-Room/BIMData/DerivedDataCache/DDC.ddp not found, will not use a pak cache.
[2022.02.03-09.11.47:361][  0]LogDerivedDataCache: Unable to find inner node Pak for hierarchical cache Hierarchy.
[2022.02.03-09.11.47:361][  0]LogDerivedDataCache: FDerivedDataBackendGraph:  CompressedPak pak cache file ../../../../../../Users/ahmed/Documents/GitHub/VR-Room/BIMData/DerivedDataCache/Compressed.ddp not found, will not use a pak cache.
[2022.02.03-09.11.47:361][  0]LogDerivedDataCache: Unable to find inner node CompressedPak for hierarchical cache Hierarchy.
[2022.02.03-09.11.47:375][  0]LogDerivedDataCache: Display: Pak cache opened for reading ../../../Engine/DerivedDataCache/Compressed.ddp.
[2022.02.03-09.11.47:375][  0]LogDerivedDataCache: FDerivedDataBackendGraph:  EnterprisePak pak cache file ../../../Enterprise/DerivedDataCache/Compressed.ddp not found, will not use a pak cache.
[2022.02.03-09.11.47:375][  0]LogDerivedDataCache: Unable to find inner node EnterprisePak for hierarchical cache Hierarchy.
[2022.02.03-09.11.47:381][  0]LogDerivedDataCache: Speed tests for C:/Users/ahmed/AppData/Local/UnrealEngine/Common/DerivedDataCache took 0.01 seconds
[2022.02.03-09.11.47:381][  0]LogDerivedDataCache: Display: Performance to C:/Users/ahmed/AppData/Local/UnrealEngine/Common/DerivedDataCache: Latency=0.02ms. RandomReadSpeed=1997.61MBs, RandomWriteSpeed=168.09MBs. Assigned SpeedClass 'Local'
[2022.02.03-09.11.47:382][  0]LogDerivedDataCache: Using Local data cache path C:/Users/ahmed/AppData/Local/UnrealEngine/Common/DerivedDataCache: Writable
[2022.02.03-09.11.47:382][  0]LogDerivedDataCache: Shared data cache path not found in *engine.ini, will not use an Shared cache.
[2022.02.03-09.11.47:382][  0]LogDerivedDataCache: Unable to find inner node Shared for hierarchical cache Hierarchy.
[2022.02.03-09.11.47:426][  0]LogSlate: Using FreeType 2.10.0
[2022.02.03-09.11.47:426][  0]LogSlate: SlateFontServices - WITH_FREETYPE: 1, WITH_HARFBUZZ: 1
[2022.02.03-09.11.47:446][  0]LogAssetRegistry: FAssetRegistry took 0.0020 seconds to start up
[2022.02.03-09.11.47:648][  0]LogInit: Selected Device Profile: [Windows]
[2022.02.03-09.11.47:648][  0]LogInit: Active device profile: [000001B4C023C700][000001B4BF63E0C0 49] Windows
[2022.02.03-09.11.47:648][  0]LogInit: Profiles: [000001B4C023C700][000001B4BF63E0C0 49] Windows, [000001B4C0213700][000001B4BF64C240 49] WindowsNoEditor, [000001B4C023F300][000001B4BECA03C0 49] WindowsServer, [000001B4C0210F00][000001B4BECA4540 49] WindowsClient, [000001B4C023F500][000001B4BECA86C0 49] IOS, [000001B4C01F7F00][000001B4BECAC840 49] iPadAir, [000001B4C0213B00][000001B4BEDCC9C0 49] iPadAir2, [000001B4C01BC500][000001B4BF642C40 49] IPadPro, [000001B4C01BC600][000001B4BEDD0C80 49] iPadAir3, [000001B4C01F4100][000001B4BEDE0DC0 49] iPadAir4, [000001B4C01BEC00][000001B4BEDE4F00 49] iPadMini2, [000001B4C01F6500][000001B4BEDED080 49] iPadMini3, [000001B4C01BF400][000001B4BEDF1200 49] iPadMini4, [000001B4C01F4F00][000001B4BEDF5380 49] iPadMini5, [000001B4C01AFE00][000001B4BEDFD640 49] iPhone6, [000001B4C01AFF00][000001B4BEDF9680 49] iPodTouch6, [000001B4C023F900][000001B4BEF4B940 49] iPhone7, [000001B4C023E100][000001B4BEE01980 49] iPodTouch7, [000001B4C01AC400][000001B4BEF4FB00 49] iPhone5S, [000001B4C01BFD00][000001B4BEF52100 49] iPhone6Plus, [000001B4C023F400][000001B4BEF56280 49] iPhone6S, [000001B4C01BE000][000001B4BEF5A400 49] iPhone6SPlus, [000001B4C023C900][000001B4BEF5E580 49] iPhone7Plus, [000001B4C01BCE00][000001B4BEF62700 49] iPhoneSE, [000001B4C023C200][000001B4BEF66880 49] iPhone8, [000001B4C01BE400][000001B4BEF6AA00 49] iPhone8Plus, [000001B4C023DE00][000001B4BEF6EB80 49] iPhoneX, [000001B4C01BFE00][000001B4BEF72D00 49] iPhoneXS, [000001B4C023D600][000001B4BEDE8E40 49] iPhoneXSMax, [000001B4C01BE500][000001B4BEF76F80 49] iPhoneXR, [000001B4C023EA00][000001B4BEF7B0C0 49] iPhone11, [000001B4C01BFA00][000001B4BEF83240 49] iPhone11Pro, [000001B4C023CF00][000001B4BEF873C0 49] iPhone11ProMax, [000001B4C01BE300][000001B4BEF8B540 49] iPhoneSE2, [000001B4C023E700][000001B4BEF8F6C0 49] iPhone12Mini, [000001B4C01BC700][000001B4BEF93840 49] iPhone12, [000001B4C023F100][000001B4BEF979C0 49] iPhone12Pro, [000001B4C01BF500][000001B4BEF9BB40 49] iPhone12ProMax, [000001B4C023C800][000001B4BEF9E140 49] iPadPro105, [000001B4C01BDC00][000001B4BEFA22C0 49] iPadPro129, [000001B4C023C300][000001B4BEFA6440 49] iPadPro97, [000001B4C01BDD00][000001B4BEFAA5C0 49] iPadPro2_129, [000001B4C023CC00][000001B4BEFAE740 49] iPad5, [000001B4C01BF000][000001B4BEFB28C0 49] iPad6, [000001B4C023EC00][000001B4BEFB6A40 49] iPad7, [000001B4C01BEE00][000001B4BEFBABC0 49] iPad8, [000001B4C023D800][000001B4BEFBED40 49] iPadPro11, [000001B4C01BDB00][000001B4BEFC2EC0 49] iPadPro2_11, [000001B4C023D500][000001B4BEF7F000 49] iPadPro3_129, [000001B4C01BE700][000001B4BEFC7140 49] iPadPro4_129, [000001B4C023C100][000001B4BEFCB280 49] AppleTV, [000001B4C01BEB00][000001B4BEFCF3C0 49] AppleTV4K, [000001B4C023DB00][000001B4BEFD7540 49] TVOS, [000001B4C01BC900][000001B4BEFDB6C0 49] Mac, [000001B4C023D700][000001B4BEFDF840 49] MacClient, [000001B4C01BEF00][000001B4BEFE39C0 49] MacNoEditor, [000001B4C023CD00][000001B4BEFE7B40 49] MacServer, [000001B4C01BC300][000001B4BEFEA140 49] Linux, [000001B4C023EE00][000001B4BEFEE2C0 49] LinuxAArch64, [000001B4C01BD500][000001B4BEFF2440 49] LinuxNoEditor, [000001B4C023E400][000001B4BEFF65C0 49] LinuxAArch64NoEditor, [000001B4C01BC200][000001B4BEFFA740 49] LinuxClient, [000001B4C023ED00][000001B4BEFFE8C0 49] LinuxAArch64Client, [000001B4C01BCC00][000001B4BF002A40 49] LinuxServer, [000001B4C023C400][000001B4BF006BC0 49] LinuxAArch64Server, [000001B4C01BD000][000001B4BF00AD40 49] Android, [000001B4C01F7900][000001B4BF00EEC0 49] Android_Low, [000001B4C01ADB00][000001B4BF013040 49] Android_Mid, [000001B4C01F7000][000001B4BEFD3180 49] Android_High, [000001B4C01AE300][000001B4BF0172C0 49] Android_Default, [000001B4C01F6000][000001B4BF01B400 49] Android_Adreno4xx, [000001B4C01AC100][000001B4BF01F540 49] Android_Adreno5xx_Low, [000001B4C01F4B00][000001B4BF0276C0 49] Android_Adreno5xx, [000001B4C01AD800][000001B4BF02B840 49] Android_Adreno6xx, [000001B4C01F5100][000001B4BF02F9C0 49] Android_Adreno6xx_Vulkan, [000001B4C01AC800][000001B4BF033B40 49] Android_Mali_T6xx, [000001B4C01F7600][000001B4BF036140 49] Android_Mali_T7xx, [000001B4C01ACD00][000001B4BF03A2C0 49] Android_Mali_T8xx, [000001B4C01F7C00][000001B4BF03E440 49] Android_Mali_G71, [000001B4C01AD500][000001B4BF0425C0 49] Android_Mali_G72, [000001B4C01F7E00][000001B4BF046740 49] Android_Mali_G72_Vulkan, [000001B4C01AFD00][000001B4BF04A8C0 49] Android_Mali_G76, [000001B4C01F7A00][000001B4BF04EA40 49] Android_Mali_G76_Vulkan, [000001B4C01AF600][000001B4BF052BC0 49] Android_Mali_G77, [000001B4C01F6200][000001B4BF056D40 49] Android_Mali_G77_Vulkan, [000001B4C01AD200][000001B4BF05AEC0 49] Android_Mali_G78, [000001B4C01F4A00][000001B4BF05F040 49] Android_Mali_G78_Vulkan, [000001B4C01AF000][000001B4BF0631C0 49] Android_Mali_G710, [000001B4C01F5400][000001B4BF067340 49] Android_Mali_G710_Vulkan, [000001B4C01AC700][000001B4BF023480 49] Android_Vulkan_SM5, [000001B4C01F5800][000001B4BF06B5C0 49] Android_PowerVR_G6xxx, [000001B4C01ACE00][000001B4BF06F700 49] Android_PowerVR_GT7xxx, [000001B4C01F4200][000001B4BF077880 49] Android_PowerVR_GE8xxx, [000001B4C01AC600][000001B4BF07BA00 49] Android_PowerVR_GM9xxx, [000001B4C01F6600][000001B4BF07FB80 49] Android_PowerVR_GM9xxx_Vulkan, [000001B4C01BCF00][000001B4BF082180 49] Android_TegraK1, [000001B4C01F6A00][000001B4BF086300 49] Android_Unknown_Vulkan, [000001B4C01BCD00][000001B4BF08A480 49] Lumin, [000001B4C01F5200][000001B4BF08E600 49] Lumin_Desktop, [000001B4C01BCB00][000001B4BF092780 49] HoloLens, 
[2022.02.03-09.11.47:757][  0]LogMeshReduction: Using QuadricMeshReduction for automatic static mesh reduction
[2022.02.03-09.11.47:757][  0]LogMeshReduction: Using SimplygonMeshReduction for automatic skeletal mesh reduction
[2022.02.03-09.11.47:757][  0]LogMeshReduction: Using ProxyLODMeshReduction for automatic mesh merging
[2022.02.03-09.11.47:757][  0]LogMeshReduction: No distributed automatic mesh merging module available
[2022.02.03-09.11.47:757][  0]LogMeshMerging: No distributed automatic mesh merging module available
[2022.02.03-09.11.47:769][  0]LogNetVersion: BIMData 1.0.0, NetCL: 17155196, EngineNetVer: 17, GameNetVer: 0 (Checksum: 2314179015)
[2022.02.03-09.11.48:077][  0]LogTexture: Default maximum texture size for cubemaps generated from long-lat sources has been changed from 512 to unlimited. In order to preserve old behaiour for '/Engine/MapTemplates/Sky/DaylightAmbientCubemap.DaylightAmbientCubemap', its maximum texture size has been explicitly set to 512.
[2022.02.03-09.11.48:126][  0]LogHMD: PokeAHoleMaterial loaded successfully
[2022.02.03-09.11.48:132][  0]LogUObjectArray: 17178 objects as part of root set at end of initial load.
[2022.02.03-09.11.48:132][  0]LogUObjectAllocator: 4302048 out of 0 bytes used by permanent object pool.
[2022.02.03-09.11.48:132][  0]LogUObjectArray: CloseDisregardForGC: 0/0 objects in disregard for GC pool
[2022.02.03-09.11.48:338][  0]LogNiagaraDebuggerClient: Niagara Debugger Client Initialized | Session: 7681E49043D29F69BEC1D69CC5A8A2BD | Instance: 5B52FE1045D85A92ACABEDA24647DE2A (DESKTOP-H5BA5UC-8868).
[2022.02.03-09.11.48:429][  0]LogPython: Using Python 3.7.7
[2022.02.03-09.11.48:842][  0]LogTcpMessaging: Initializing TcpMessaging bridge
[2022.02.03-09.11.48:860][  0]LogUdpMessaging: Initializing bridge on interface 0.0.0.0:0 to multicast group 230.0.0.1:6666.
[2022.02.03-09.11.48:913][  0]LogLinker: Warning: Failed to load '/Game/ThirdPersonBP/ThirdPersonOverview': Can't find file.
[2022.02.03-09.11.48:913][  0]LogLinker: Warning: Failed to load '/Game/ThirdPersonBP/ThirdPersonOverview': Can't find file.
[2022.02.03-09.11.48:913][  0]LogUObjectGlobals: Warning: Failed to find object 'Class /Game/ThirdPersonBP/ThirdPersonOverview.ThirdPersonOverview_C'
[2022.02.03-09.11.49:036][  0]SourceControl: Source control is disabled
[2022.02.03-09.11.49:036][  0]SourceControl: Source control is disabled
[2022.02.03-09.11.49:043][  0]SourceControl: Source control is disabled
[2022.02.03-09.11.49:045][  0]SourceControl: Source control is disabled
[2022.02.03-09.11.49:050][  0]SourceControl: Source control is disabled
[2022.02.03-09.11.49:052][  0]LogUProjectInfo: Found projects:
[2022.02.03-09.11.49:172][  0]LogOpenImageDenoise: OIDN starting up
[2022.02.03-09.11.49:181][  0]LogAndroidPermission: UAndroidPermissionCallbackProxy::GetInstance
[2022.02.03-09.11.49:197][  0]LogAudioCaptureCore: Display: No Audio Capture implementations found. Audio input will be silent.
[2022.02.03-09.11.49:197][  0]LogAudioCaptureCore: Display: No Audio Capture implementations found. Audio input will be silent.
[2022.02.03-09.11.49:291][  0]LogCollectionManager: Loaded 0 collections in 0.001178 seconds
[2022.02.03-09.11.49:315][  0]LogFileCache: Scanning file cache for directory 'C:/Users/ahmed/Documents/GitHub/VR-Room/BIMData/Saved/Collections/' took 0.00s
[2022.02.03-09.11.49:315][  0]LogFileCache: Scanning file cache for directory 'C:/Users/ahmed/Documents/GitHub/VR-Room/BIMData/Content/Developers/AhmedAIbrahim/Collections/' took 0.00s
[2022.02.03-09.11.49:315][  0]LogFileCache: Scanning file cache for directory 'C:/Users/ahmed/Documents/GitHub/VR-Room/BIMData/Content/Collections/' took 0.00s
[2022.02.03-09.11.49:315][  0]LogOcInput: OculusInput pre-init called
[2022.02.03-09.11.49:723][  0]LogClass: Display: Int8Property FMTSJson::version is not initialized properly. Module:MegascansPlugin File:Private/Utilities/MTSReader.h
[2022.02.03-09.11.49:723][  0]LogClass: Display: Int16Property FMTSJson::resolutionValue is not initialized properly. Module:MegascansPlugin File:Private/Utilities/MTSReader.h
[2022.02.03-09.11.49:723][  0]LogClass: Display: BoolProperty FMTSJson::isExternal is not initialized properly. Module:MegascansPlugin File:Private/Utilities/MTSReader.h
[2022.02.03-09.11.49:723][  0]LogClass: Display: Int8Property FMTSJson::meshVersion is not initialized properly. Module:MegascansPlugin File:Private/Utilities/MTSReader.h
[2022.02.03-09.11.49:723][  0]LogClass: Display: BoolProperty FMTSJson::isCustom is not initialized properly. Module:MegascansPlugin File:Private/Utilities/MTSReader.h
[2022.02.03-09.11.49:723][  0]LogClass: Display: BoolProperty FMTSJson::isModularAsset is not initialized properly. Module:MegascansPlugin File:Private/Utilities/MTSReader.h
[2022.02.03-09.11.49:723][  0]LogClass: Display: Int8Property FLodList::variation is not initialized properly. Module:MegascansPlugin File:Private/Utilities/MTSReader.h
[2022.02.03-09.11.49:723][  0]LogClass: Display: Int16Property FMeshList::resolution is not initialized properly. Module:MegascansPlugin File:Private/Utilities/MTSReader.h
[2022.02.03-09.11.49:723][  0]LogClass: Display: Int16Property FComponents::resolution is not initialized properly. Module:MegascansPlugin File:Private/Utilities/MTSReader.h
[2022.02.03-09.11.49:723][  0]LogClass: Display: BoolProperty FTextureSets::isUdim is not initialized properly. Module:MegascansPlugin File:Private/Utilities/MTSReader.h
[2022.02.03-09.11.49:723][  0]LogClass: Display: BoolProperty FMeta::value is not initialized properly. Module:MegascansPlugin File:Private/Utilities/MTSReader.h
[2022.02.03-09.11.49:723][  0]LogClass: Display: 11 Uninitialized script struct members found including 0 object properties
[2022.02.03-09.11.49:724][  0]LogEngine: Initializing Engine...
[2022.02.03-09.11.49:725][  0]LogHMD: Failed to enumerate extensions. Please check that you have a valid OpenXR runtime installed.
[2022.02.03-09.11.49:726][  0]LogHMD: Failed to initialize OpenVR with code 110
[2022.02.03-09.11.49:726][  0]LogMagicLeap: Warning: VR disabled because ZI is not enabled.  To enable, in the editor, Edit -> Project Settings -> Plugins -> Magic Leap Plugin -> Enable Zero Iteration
[2022.02.03-09.11.49:726][  0]LogStats: UGameplayTagsManager::InitializeManager -  0.000 s
[2022.02.03-09.11.49:815][  0]LogInit: Initializing FReadOnlyCVARCache
[2022.02.03-09.11.49:821][  0]LogAIModule: Creating AISystem for world Untitled
[2022.02.03-09.11.49:829][  0]LogAudio: Display: Initializing Audio Device Manager...
[2022.02.03-09.11.49:832][  0]LogAudio: Display: Loading Default Audio Settings Objects...
[2022.02.03-09.11.49:832][  0]LogAudio: Display: No default SoundConcurrencyObject specified (or failed to load).
[2022.02.03-09.11.49:832][  0]LogAudio: Display: Audio Device Manager Initialized
[2022.02.03-09.11.49:832][  0]LogAudio: Display: Creating Audio Device:                 Id: 1, Scope: Shared, Realtime: True
[2022.02.03-09.11.49:832][  0]LogAudioMixer: Display: Audio Mixer Platform Settings:
[2022.02.03-09.11.49:832][  0]LogAudioMixer: Display: 	Sample Rate:						  48000
[2022.02.03-09.11.49:832][  0]LogAudioMixer: Display: 	Callback Buffer Frame Size Requested: 1024
[2022.02.03-09.11.49:832][  0]LogAudioMixer: Display: 	Callback Buffer Frame Size To Use:	  1024
[2022.02.03-09.11.49:832][  0]LogAudioMixer: Display: 	Number of buffers to queue:			  2
[2022.02.03-09.11.49:832][  0]LogAudioMixer: Display: 	Max Channels (voices):				  32
[2022.02.03-09.11.49:832][  0]LogAudioMixer: Display: 	Number of Async Source Workers:		  0
[2022.02.03-09.11.49:832][  0]LogAudio: Display: AudioDevice MaxSources: 32
[2022.02.03-09.11.49:833][  0]LogAudio: Display: Audio Spatialization Plugin: None (built-in).
[2022.02.03-09.11.49:833][  0]LogAudio: Display: Audio Reverb Plugin: None (built-in).
[2022.02.03-09.11.49:833][  0]LogAudio: Display: Audio Occlusion Plugin: None (built-in).
[2022.02.03-09.11.49:833][  0]LogAudioMixer: Display: Initializing audio mixer.
[2022.02.03-09.11.49:877][  0]LogAudioMixer: Display: 0: FrontLeft
[2022.02.03-09.11.49:877][  0]LogAudioMixer: Display: 1: FrontRight
[2022.02.03-09.11.49:988][  0]LogAudioMixer: Display: Using Audio Device Speakers (Realtek(R) Audio)
[2022.02.03-09.11.49:989][  0]LogAudioMixer: Display: Initializing Sound Submixes...
[2022.02.03-09.11.49:991][  0]LogAudioMixer: Display: Creating Master Submix 'MasterSubmixDefault'
[2022.02.03-09.11.49:991][  0]LogAudioMixer: Display: Creating Master Submix 'MasterReverbSubmixDefault'
[2022.02.03-09.11.49:991][  0]LogAudioMixer: Display: Creating Master Submix 'MasterEQSubmixDefault'
[2022.02.03-09.11.49:991][  0]LogAudioMixer: FMixerPlatformXAudio2::StartAudioStream() called
[2022.02.03-09.11.49:991][  0]LogAudioMixer: Display: Output buffers initialized: Frames=1024, Channels=2, Samples=2048
[2022.02.03-09.11.49:992][  0]LogAudioMixer: Display: Starting AudioMixerPlatformInterface::RunInternal()
[2022.02.03-09.11.49:992][  0]LogAudioMixer: Display: FMixerPlatformXAudio2::SubmitBuffer() called for the first time
[2022.02.03-09.11.49:992][  0]LogInit: FAudioDevice initialized.
[2022.02.03-09.11.49:992][  0]LogAudio: Display: Audio Device (ID: 1) registered with world 'Untitled'.
[2022.02.03-09.11.49:993][  0]LogNetVersion: Set ProjectVersion to 1.0.0.0. Version Checksum will be recalculated on next use.
[2022.02.03-09.11.50:053][  0]LogDerivedDataCache: Saved boot cache 0.06s 124MB C:/Users/ahmed/AppData/Local/UnrealEngine/4.27/DerivedDataCache/Boot.ddc.
[2022.02.03-09.11.50:055][  0]LogInit: Texture streaming: Enabled
[2022.02.03-09.11.50:064][  0]LogAnalytics: Display: [UEEditor.Rocket.Release] APIServer = https://datarouter.ol.epicgames.com/. AppVersion = 4.27.2-18319896+++UE4+Release-4.27
[2022.02.03-09.11.50:066][  0]LogEngineSessionManager: EngineSessionManager initialized
[2022.02.03-09.11.50:066][  0]LogEditorSessionSummary: Verbose: Initializing EditorSessionSummaryWriter for editor session tracking
[2022.02.03-09.11.50:068][  0]LogEditorSessionSummary: EditorSessionSummaryWriter initialized
[2022.02.03-09.11.50:081][  0]LogInit: Transaction tracking system initialized
[2022.02.03-09.11.50:097][  0]BlueprintLog: New page: Editor Load
[2022.02.03-09.11.50:151][  0]LocalizationService: Localization service is disabled
[2022.02.03-09.11.50:167][  0]TimingProfiler: Initialize
[2022.02.03-09.11.50:167][  0]TimingProfiler: OnSessionChanged
[2022.02.03-09.11.50:168][  0]LoadingProfiler: Initialize
[2022.02.03-09.11.50:168][  0]LoadingProfiler: OnSessionChanged
[2022.02.03-09.11.50:168][  0]NetworkingProfiler: Initialize
[2022.02.03-09.11.50:168][  0]NetworkingProfiler: OnSessionChanged
[2022.02.03-09.11.50:168][  0]MemoryProfiler: Initialize
[2022.02.03-09.11.50:168][  0]MemoryProfiler: OnSessionChanged
[2022.02.03-09.11.50:505][  0]LogCook: Display: CookSettings for Memory: MemoryMaxUsedVirtual 0MiB, MemoryMaxUsedPhysical 16384MiB, MemoryMinFreeVirtual 0MiB, MemoryMinFreePhysical 1024MiB
[2022.02.03-09.11.50:505][  0]LogCook: Display: Mobile HDR setting 1
[2022.02.03-09.11.50:640][  0]LogFileCache: Scanning file cache for directory 'C:/Users/ahmed/Documents/GitHub/VR-Room/BIMData/Content/' took 0.00s
[2022.02.03-09.11.50:778][  0]LogInit: Display: Engine is initialized. Leaving FEngineLoop::Init()
[2022.02.03-09.11.50:781][  0]SourceControl: Source control is disabled
[2022.02.03-09.11.50:781][  0]LogUnrealEdMisc: Loading editor; pre map load, took 5.971
[2022.02.03-09.11.50:781][  0]Cmd: MAP LOAD FILE="../../../../../../Users/ahmed/Documents/GitHub/VR-Room/BIMData/Content/FirstPersonBP/Maps/FirstPersonExampleMap.umap" TEMPLATE=0 SHOWPROGRESS=1 FEATURELEVEL=3
[2022.02.03-09.11.50:781][  0]LightingResults: New page: Lighting Build
[2022.02.03-09.11.50:782][  0]LogWorld: UWorld::CleanupWorld for Untitled, bSessionEnded=true, bCleanupResources=true
[2022.02.03-09.11.50:783][  0]LogSlate: InvalidateAllWidgets triggered.  All widgets were invalidated
[2022.02.03-09.11.50:783][  0]MapCheck: New page: Map Check
[2022.02.03-09.11.50:783][  0]LightingResults: New page: Lighting Build
[2022.02.03-09.11.50:787][  0]LogAudio: Display: Audio Device unregistered from world 'None'.
[2022.02.03-09.11.50:789][  0]LogUObjectHash: Compacting FUObjectHashTables data took   0.67ms
[2022.02.03-09.11.50:981][  0]LogTexture: Display: Building textures: DeprecatedTexture4E9A31EC459F824B7293D9A5960F381F (BGRA8, 128X128)
[2022.02.03-09.11.51:015][  0]LogAudio: Display: Audio Device (ID: 1) registered with world 'FirstPersonExampleMap'.
[2022.02.03-09.11.51:016][  0]LogAIModule: Creating AISystem for world FirstPersonExampleMap
[2022.02.03-09.11.51:022][  0]LogEditorServer: Finished looking for orphan Actors (0.000 secs)
[2022.02.03-09.11.51:031][  0]LogUObjectHash: Compacting FUObjectHashTables data took   0.78ms
[2022.02.03-09.11.51:031][  0]Cmd: MAP CHECKDEP NOCLEARLOG
[2022.02.03-09.11.51:031][  0]MapCheck: Map check complete: 0 Error(s), 0 Warning(s), took 0,107ms to complete.
[2022.02.03-09.11.51:031][  0]LogFileHelpers: Loading map 'FirstPersonExampleMap' took 0.250
[2022.02.03-09.11.51:033][  0]LogUnrealEdMisc: Total Editor Startup Time, took 6.224
[2022.02.03-09.11.51:112][  0]LogSlate: The tab "Cesium" attempted to spawn in layout 'LevelEditor_Layout_v1.2' but failed for some reason. It will not be displayed.
[2022.02.03-09.11.51:124][  0]LogSlate: Updating window title bar state: overlay mode, drag disabled, window buttons hidden, title bar hidden
[2022.02.03-09.11.51:129][  0]LogSlate: Updating window title bar state: overlay mode, drag disabled, window buttons hidden, title bar hidden
[2022.02.03-09.11.51:134][  0]LogSlate: Updating window title bar state: overlay mode, drag disabled, window buttons hidden, title bar hidden
[2022.02.03-09.11.51:138][  0]LogSlate: Updating window title bar state: overlay mode, drag disabled, window buttons hidden, title bar hidden
[2022.02.03-09.11.51:149][  0]LogNativeClassHierarchy: Verbose: Native class hierarchy populated in 0.0080 seconds. Added 3833 classes and 935 folders.
[2022.02.03-09.11.51:151][  0]LogNativeClassHierarchy: Verbose: Native class hierarchy updated for 'WidgetCarousel' in 0.0002 seconds. Added 0 classes and 0 folders.
[2022.02.03-09.11.51:152][  0]LogPakFile: PakFile PrimaryIndexSize=187
[2022.02.03-09.11.51:152][  0]LogPakFile: PakFile PathHashIndexSize=101
[2022.02.03-09.11.51:152][  0]LogPakFile: PakFile FullDirectoryIndexSize=148
[2022.02.03-09.11.51:152][  0]LogShaderLibrary: Display: ShaderCodeLibraryPakFileMountedCallback: PakFile 'C:/Program Files/Epic Games/UE_4.27/FeaturePacks/FP_FirstPerson.upack' (chunk index -1, root 'root:/') mounted
[2022.02.03-09.11.51:152][  0]LogShaderLibrary: Display: ShaderCodeLibraryPakFileMountedCallback: pending pak file info (ChunkID:-1 Root:root:/ File:C:/Program Files/Epic Games/UE_4.27/FeaturePacks/FP_FirstPerson.upack)
[2022.02.03-09.11.51:152][  0]LogPakFile: OnPakFileMounted2Time == 0.000119
[2022.02.03-09.11.51:153][  0]LogPakFile: PakFile PrimaryIndexSize=189
[2022.02.03-09.11.51:153][  0]LogPakFile: PakFile PathHashIndexSize=101
[2022.02.03-09.11.51:153][  0]LogPakFile: PakFile FullDirectoryIndexSize=152
[2022.02.03-09.11.51:153][  0]LogShaderLibrary: Display: ShaderCodeLibraryPakFileMountedCallback: PakFile 'C:/Program Files/Epic Games/UE_4.27/FeaturePacks/FP_FirstPersonBP.upack' (chunk index -1, root 'root:/') mounted
[2022.02.03-09.11.51:153][  0]LogShaderLibrary: Display: ShaderCodeLibraryPakFileMountedCallback: pending pak file info (ChunkID:-1 Root:root:/ File:C:/Program Files/Epic Games/UE_4.27/FeaturePacks/FP_FirstPersonBP.upack)
[2022.02.03-09.11.51:153][  0]LogPakFile: OnPakFileMounted2Time == 0.000105
[2022.02.03-09.11.51:154][  0]LogPakFile: PakFile PrimaryIndexSize=191
[2022.02.03-09.11.51:154][  0]LogPakFile: PakFile PathHashIndexSize=101
[2022.02.03-09.11.51:154][  0]LogPakFile: PakFile FullDirectoryIndexSize=160
[2022.02.03-09.11.51:154][  0]LogShaderLibrary: Display: ShaderCodeLibraryPakFileMountedCallback: PakFile 'C:/Program Files/Epic Games/UE_4.27/FeaturePacks/MobileStarterContent.upack' (chunk index -1, root 'root:/') mounted
[2022.02.03-09.11.51:154][  0]LogShaderLibrary: Display: ShaderCodeLibraryPakFileMountedCallback: pending pak file info (ChunkID:-1 Root:root:/ File:C:/Program Files/Epic Games/UE_4.27/FeaturePacks/MobileStarterContent.upack)
[2022.02.03-09.11.51:154][  0]LogPakFile: OnPakFileMounted2Time == 0.000026
[2022.02.03-09.11.51:154][  0]LogPakFile: PakFile PrimaryIndexSize=185
[2022.02.03-09.11.51:154][  0]LogPakFile: PakFile PathHashIndexSize=101
[2022.02.03-09.11.51:154][  0]LogPakFile: PakFile FullDirectoryIndexSize=148
[2022.02.03-09.11.51:154][  0]LogShaderLibrary: Display: ShaderCodeLibraryPakFileMountedCallback: PakFile 'C:/Program Files/Epic Games/UE_4.27/FeaturePacks/StarterContent.upack' (chunk index -1, root 'root:/') mounted
[2022.02.03-09.11.51:154][  0]LogShaderLibrary: Display: ShaderCodeLibraryPakFileMountedCallback: pending pak file info (ChunkID:-1 Root:root:/ File:C:/Program Files/Epic Games/UE_4.27/FeaturePacks/StarterContent.upack)
[2022.02.03-09.11.51:154][  0]LogPakFile: OnPakFileMounted2Time == 0.000027
[2022.02.03-09.11.51:155][  0]LogPakFile: PakFile PrimaryIndexSize=190
[2022.02.03-09.11.51:155][  0]LogPakFile: PakFile PathHashIndexSize=101
[2022.02.03-09.11.51:155][  0]LogPakFile: PakFile FullDirectoryIndexSize=154
[2022.02.03-09.11.51:155][  0]LogShaderLibrary: Display: ShaderCodeLibraryPakFileMountedCallback: PakFile 'C:/Program Files/Epic Games/UE_4.27/FeaturePacks/TP_2DSideScroller.upack' (chunk index -1, root 'root:/') mounted
[2022.02.03-09.11.51:155][  0]LogShaderLibrary: Display: ShaderCodeLibraryPakFileMountedCallback: pending pak file info (ChunkID:-1 Root:root:/ File:C:/Program Files/Epic Games/UE_4.27/FeaturePacks/TP_2DSideScroller.upack)
[2022.02.03-09.11.51:155][  0]LogPakFile: OnPakFileMounted2Time == 0.000025
[2022.02.03-09.11.51:155][  0]LogPakFile: PakFile PrimaryIndexSize=192
[2022.02.03-09.11.51:155][  0]LogPakFile: PakFile PathHashIndexSize=101
[2022.02.03-09.11.51:155][  0]LogPakFile: PakFile FullDirectoryIndexSize=158
[2022.02.03-09.11.51:155][  0]LogShaderLibrary: Display: ShaderCodeLibraryPakFileMountedCallback: PakFile 'C:/Program Files/Epic Games/UE_4.27/FeaturePacks/TP_2DSideScrollerBP.upack' (chunk index -1, root 'root:/') mounted
[2022.02.03-09.11.51:155][  0]LogShaderLibrary: Display: ShaderCodeLibraryPakFileMountedCallback: pending pak file info (ChunkID:-1 Root:root:/ File:C:/Program Files/Epic Games/UE_4.27/FeaturePacks/TP_2DSideScrollerBP.upack)
[2022.02.03-09.11.51:155][  0]LogPakFile: OnPakFileMounted2Time == 0.000025
[2022.02.03-09.11.51:155][  0]LogPakFile: PakFile PrimaryIndexSize=182
[2022.02.03-09.11.51:155][  0]LogPakFile: PakFile PathHashIndexSize=101
[2022.02.03-09.11.51:155][  0]LogPakFile: PakFile FullDirectoryIndexSize=138
[2022.02.03-09.11.51:155][  0]LogShaderLibrary: Display: ShaderCodeLibraryPakFileMountedCallback: PakFile 'C:/Program Files/Epic Games/UE_4.27/FeaturePacks/TP_Flying.upack' (chunk index -1, root 'root:/') mounted
[2022.02.03-09.11.51:155][  0]LogShaderLibrary: Display: ShaderCodeLibraryPakFileMountedCallback: pending pak file info (ChunkID:-1 Root:root:/ File:C:/Program Files/Epic Games/UE_4.27/FeaturePacks/TP_Flying.upack)
[2022.02.03-09.11.51:155][  0]LogPakFile: OnPakFileMounted2Time == 0.000025
[2022.02.03-09.11.51:156][  0]LogPakFile: PakFile PrimaryIndexSize=184
[2022.02.03-09.11.51:156][  0]LogPakFile: PakFile PathHashIndexSize=101
[2022.02.03-09.11.51:156][  0]LogPakFile: PakFile FullDirectoryIndexSize=142
[2022.02.03-09.11.51:156][  0]LogShaderLibrary: Display: ShaderCodeLibraryPakFileMountedCallback: PakFile 'C:/Program Files/Epic Games/UE_4.27/FeaturePacks/TP_FlyingBP.upack' (chunk index -1, root 'root:/') mounted
[2022.02.03-09.11.51:156][  0]LogShaderLibrary: Display: ShaderCodeLibraryPakFileMountedCallback: pending pak file info (ChunkID:-1 Root:root:/ File:C:/Program Files/Epic Games/UE_4.27/FeaturePacks/TP_FlyingBP.upack)
[2022.02.03-09.11.51:156][  0]LogPakFile: OnPakFileMounted2Time == 0.000025
[2022.02.03-09.11.51:156][  0]LogPakFile: PakFile PrimaryIndexSize=188
[2022.02.03-09.11.51:156][  0]LogPakFile: PakFile PathHashIndexSize=101
[2022.02.03-09.11.51:156][  0]LogPakFile: PakFile FullDirectoryIndexSize=150
[2022.02.03-09.11.51:156][  0]LogShaderLibrary: Display: ShaderCodeLibraryPakFileMountedCallback: PakFile 'C:/Program Files/Epic Games/UE_4.27/FeaturePacks/TP_HandheldARBP.upack' (chunk index -1, root 'root:/') mounted
[2022.02.03-09.11.51:156][  0]LogShaderLibrary: Display: ShaderCodeLibraryPakFileMountedCallback: pending pak file info (ChunkID:-1 Root:root:/ File:C:/Program Files/Epic Games/UE_4.27/FeaturePacks/TP_HandheldARBP.upack)
[2022.02.03-09.11.51:156][  0]LogPakFile: OnPakFileMounted2Time == 0.000025
[2022.02.03-09.11.51:157][  0]LogPakFile: PakFile PrimaryIndexSize=182
[2022.02.03-09.11.51:157][  0]LogPakFile: PakFile PathHashIndexSize=101
[2022.02.03-09.11.51:157][  0]LogPakFile: PakFile FullDirectoryIndexSize=138
[2022.02.03-09.11.51:157][  0]LogShaderLibrary: Display: ShaderCodeLibraryPakFileMountedCallback: PakFile 'C:/Program Files/Epic Games/UE_4.27/FeaturePacks/TP_Puzzle.upack' (chunk index -1, root 'root:/') mounted
[2022.02.03-09.11.51:157][  0]LogShaderLibrary: Display: ShaderCodeLibraryPakFileMountedCallback: pending pak file info (ChunkID:-1 Root:root:/ File:C:/Program Files/Epic Games/UE_4.27/FeaturePacks/TP_Puzzle.upack)
[2022.02.03-09.11.51:157][  0]LogPakFile: OnPakFileMounted2Time == 0.000029
[2022.02.03-09.11.51:158][  0]LogPakFile: PakFile PrimaryIndexSize=184
[2022.02.03-09.11.51:158][  0]LogPakFile: PakFile PathHashIndexSize=101
[2022.02.03-09.11.51:158][  0]LogPakFile: PakFile FullDirectoryIndexSize=142
[2022.02.03-09.11.51:158][  0]LogShaderLibrary: Display: ShaderCodeLibraryPakFileMountedCallback: PakFile 'C:/Program Files/Epic Games/UE_4.27/FeaturePacks/TP_PuzzleBP.upack' (chunk index -1, root 'root:/') mounted
[2022.02.03-09.11.51:158][  0]LogShaderLibrary: Display: ShaderCodeLibraryPakFileMountedCallback: pending pak file info (ChunkID:-1 Root:root:/ File:C:/Program Files/Epic Games/UE_4.27/FeaturePacks/TP_PuzzleBP.upack)
[2022.02.03-09.11.51:158][  0]LogPakFile: OnPakFileMounted2Time == 0.000028
[2022.02.03-09.11.51:158][  0]LogPakFile: PakFile PrimaryIndexSize=183
[2022.02.03-09.11.51:158][  0]LogPakFile: PakFile PathHashIndexSize=101
[2022.02.03-09.11.51:158][  0]LogPakFile: PakFile FullDirectoryIndexSize=140
[2022.02.03-09.11.51:158][  0]LogShaderLibrary: Display: ShaderCodeLibraryPakFileMountedCallback: PakFile 'C:/Program Files/Epic Games/UE_4.27/FeaturePacks/TP_Rolling.upack' (chunk index -1, root 'root:/') mounted
[2022.02.03-09.11.51:158][  0]LogShaderLibrary: Display: ShaderCodeLibraryPakFileMountedCallback: pending pak file info (ChunkID:-1 Root:root:/ File:C:/Program Files/Epic Games/UE_4.27/FeaturePacks/TP_Rolling.upack)
[2022.02.03-09.11.51:158][  0]LogPakFile: OnPakFileMounted2Time == 0.000025
[2022.02.03-09.11.51:158][  0]LogPakFile: PakFile PrimaryIndexSize=185
[2022.02.03-09.11.51:158][  0]LogPakFile: PakFile PathHashIndexSize=101
[2022.02.03-09.11.51:158][  0]LogPakFile: PakFile FullDirectoryIndexSize=144
[2022.02.03-09.11.51:158][  0]LogShaderLibrary: Display: ShaderCodeLibraryPakFileMountedCallback: PakFile 'C:/Program Files/Epic Games/UE_4.27/FeaturePacks/TP_RollingBP.upack' (chunk index -1, root 'root:/') mounted
[2022.02.03-09.11.51:158][  0]LogShaderLibrary: Display: ShaderCodeLibraryPakFileMountedCallback: pending pak file info (ChunkID:-1 Root:root:/ File:C:/Program Files/Epic Games/UE_4.27/FeaturePacks/TP_RollingBP.upack)
[2022.02.03-09.11.51:158][  0]LogPakFile: OnPakFileMounted2Time == 0.000047
[2022.02.03-09.11.51:159][  0]LogPakFile: PakFile PrimaryIndexSize=188
[2022.02.03-09.11.51:159][  0]LogPakFile: PakFile PathHashIndexSize=101
[2022.02.03-09.11.51:159][  0]LogPakFile: PakFile FullDirectoryIndexSize=150
[2022.02.03-09.11.51:159][  0]LogShaderLibrary: Display: ShaderCodeLibraryPakFileMountedCallback: PakFile 'C:/Program Files/Epic Games/UE_4.27/FeaturePacks/TP_SideScroller.upack' (chunk index -1, root 'root:/') mounted
[2022.02.03-09.11.51:159][  0]LogShaderLibrary: Display: ShaderCodeLibraryPakFileMountedCallback: pending pak file info (ChunkID:-1 Root:root:/ File:C:/Program Files/Epic Games/UE_4.27/FeaturePacks/TP_SideScroller.upack)
[2022.02.03-09.11.51:159][  0]LogPakFile: OnPakFileMounted2Time == 0.000026
[2022.02.03-09.11.51:159][  0]LogPakFile: PakFile PrimaryIndexSize=190
[2022.02.03-09.11.51:159][  0]LogPakFile: PakFile PathHashIndexSize=101
[2022.02.03-09.11.51:159][  0]LogPakFile: PakFile FullDirectoryIndexSize=154
[2022.02.03-09.11.51:159][  0]LogShaderLibrary: Display: ShaderCodeLibraryPakFileMountedCallback: PakFile 'C:/Program Files/Epic Games/UE_4.27/FeaturePacks/TP_SideScrollerBP.upack' (chunk index -1, root 'root:/') mounted
[2022.02.03-09.11.51:159][  0]LogShaderLibrary: Display: ShaderCodeLibraryPakFileMountedCallback: pending pak file info (ChunkID:-1 Root:root:/ File:C:/Program Files/Epic Games/UE_4.27/FeaturePacks/TP_SideScrollerBP.upack)
[2022.02.03-09.11.51:159][  0]LogPakFile: OnPakFileMounted2Time == 0.000026
[2022.02.03-09.11.51:160][  0]LogPakFile: PakFile PrimaryIndexSize=187
[2022.02.03-09.11.51:160][  0]LogPakFile: PakFile PathHashIndexSize=101
[2022.02.03-09.11.51:160][  0]LogPakFile: PakFile FullDirectoryIndexSize=148
[2022.02.03-09.11.51:160][  0]LogShaderLibrary: Display: ShaderCodeLibraryPakFileMountedCallback: PakFile 'C:/Program Files/Epic Games/UE_4.27/FeaturePacks/TP_ThirdPerson.upack' (chunk index -1, root 'root:/') mounted
[2022.02.03-09.11.51:160][  0]LogShaderLibrary: Display: ShaderCodeLibraryPakFileMountedCallback: pending pak file info (ChunkID:-1 Root:root:/ File:C:/Program Files/Epic Games/UE_4.27/FeaturePacks/TP_ThirdPerson.upack)
[2022.02.03-09.11.51:160][  0]LogPakFile: OnPakFileMounted2Time == 0.000025
[2022.02.03-09.11.51:160][  0]LogPakFile: PakFile PrimaryIndexSize=189
[2022.02.03-09.11.51:160][  0]LogPakFile: PakFile PathHashIndexSize=101
[2022.02.03-09.11.51:160][  0]LogPakFile: PakFile FullDirectoryIndexSize=152
[2022.02.03-09.11.51:160][  0]LogShaderLibrary: Display: ShaderCodeLibraryPakFileMountedCallback: PakFile 'C:/Program Files/Epic Games/UE_4.27/FeaturePacks/TP_ThirdPersonBP.upack' (chunk index -1, root 'root:/') mounted
[2022.02.03-09.11.51:160][  0]LogShaderLibrary: Display: ShaderCodeLibraryPakFileMountedCallback: pending pak file info (ChunkID:-1 Root:root:/ File:C:/Program Files/Epic Games/UE_4.27/FeaturePacks/TP_ThirdPersonBP.upack)
[2022.02.03-09.11.51:160][  0]LogPakFile: OnPakFileMounted2Time == 0.000025
[2022.02.03-09.11.51:161][  0]LogPakFile: PakFile PrimaryIndexSize=183
[2022.02.03-09.11.51:161][  0]LogPakFile: PakFile PathHashIndexSize=101
[2022.02.03-09.11.51:161][  0]LogPakFile: PakFile FullDirectoryIndexSize=140
[2022.02.03-09.11.51:161][  0]LogShaderLibrary: Display: ShaderCodeLibraryPakFileMountedCallback: PakFile 'C:/Program Files/Epic Games/UE_4.27/FeaturePacks/TP_TopDown.upack' (chunk index -1, root 'root:/') mounted
[2022.02.03-09.11.51:161][  0]LogShaderLibrary: Display: ShaderCodeLibraryPakFileMountedCallback: pending pak file info (ChunkID:-1 Root:root:/ File:C:/Program Files/Epic Games/UE_4.27/FeaturePacks/TP_TopDown.upack)
[2022.02.03-09.11.51:161][  0]LogPakFile: OnPakFileMounted2Time == 0.000032
[2022.02.03-09.11.51:161][  0]LogPakFile: PakFile PrimaryIndexSize=185
[2022.02.03-09.11.51:161][  0]LogPakFile: PakFile PathHashIndexSize=101
[2022.02.03-09.11.51:161][  0]LogPakFile: PakFile FullDirectoryIndexSize=144
[2022.02.03-09.11.51:161][  0]LogShaderLibrary: Display: ShaderCodeLibraryPakFileMountedCallback: PakFile 'C:/Program Files/Epic Games/UE_4.27/FeaturePacks/TP_TopDownBP.upack' (chunk index -1, root 'root:/') mounted
[2022.02.03-09.11.51:161][  0]LogShaderLibrary: Display: ShaderCodeLibraryPakFileMountedCallback: pending pak file info (ChunkID:-1 Root:root:/ File:C:/Program Files/Epic Games/UE_4.27/FeaturePacks/TP_TopDownBP.upack)
[2022.02.03-09.11.51:161][  0]LogPakFile: OnPakFileMounted2Time == 0.000025
[2022.02.03-09.11.51:161][  0]LogPakFile: PakFile PrimaryIndexSize=185
[2022.02.03-09.11.51:161][  0]LogPakFile: PakFile PathHashIndexSize=101
[2022.02.03-09.11.51:161][  0]LogPakFile: PakFile FullDirectoryIndexSize=144
[2022.02.03-09.11.51:161][  0]LogShaderLibrary: Display: ShaderCodeLibraryPakFileMountedCallback: PakFile 'C:/Program Files/Epic Games/UE_4.27/FeaturePacks/TP_TwinStick.upack' (chunk index -1, root 'root:/') mounted
[2022.02.03-09.11.51:161][  0]LogShaderLibrary: Display: ShaderCodeLibraryPakFileMountedCallback: pending pak file info (ChunkID:-1 Root:root:/ File:C:/Program Files/Epic Games/UE_4.27/FeaturePacks/TP_TwinStick.upack)
[2022.02.03-09.11.51:161][  0]LogPakFile: OnPakFileMounted2Time == 0.000025
[2022.02.03-09.11.51:162][  0]LogPakFile: PakFile PrimaryIndexSize=187
[2022.02.03-09.11.51:162][  0]LogPakFile: PakFile PathHashIndexSize=101
[2022.02.03-09.11.51:162][  0]LogPakFile: PakFile FullDirectoryIndexSize=148
[2022.02.03-09.11.51:162][  0]LogShaderLibrary: Display: ShaderCodeLibraryPakFileMountedCallback: PakFile 'C:/Program Files/Epic Games/UE_4.27/FeaturePacks/TP_TwinStickBP.upack' (chunk index -1, root 'root:/') mounted
[2022.02.03-09.11.51:162][  0]LogShaderLibrary: Display: ShaderCodeLibraryPakFileMountedCallback: pending pak file info (ChunkID:-1 Root:root:/ File:C:/Program Files/Epic Games/UE_4.27/FeaturePacks/TP_TwinStickBP.upack)
[2022.02.03-09.11.51:162][  0]LogPakFile: OnPakFileMounted2Time == 0.000025
[2022.02.03-09.11.51:162][  0]LogPakFile: PakFile PrimaryIndexSize=183
[2022.02.03-09.11.51:162][  0]LogPakFile: PakFile PathHashIndexSize=101
[2022.02.03-09.11.51:162][  0]LogPakFile: PakFile FullDirectoryIndexSize=140
[2022.02.03-09.11.51:162][  0]LogShaderLibrary: Display: ShaderCodeLibraryPakFileMountedCallback: PakFile 'C:/Program Files/Epic Games/UE_4.27/FeaturePacks/TP_Vehicle.upack' (chunk index -1, root 'root:/') mounted
[2022.02.03-09.11.51:162][  0]LogShaderLibrary: Display: ShaderCodeLibraryPakFileMountedCallback: pending pak file info (ChunkID:-1 Root:root:/ File:C:/Program Files/Epic Games/UE_4.27/FeaturePacks/TP_Vehicle.upack)
[2022.02.03-09.11.51:162][  0]LogPakFile: OnPakFileMounted2Time == 0.000025
[2022.02.03-09.11.51:162][  0]LogPakFile: PakFile PrimaryIndexSize=186
[2022.02.03-09.11.51:162][  0]LogPakFile: PakFile PathHashIndexSize=101
[2022.02.03-09.11.51:162][  0]LogPakFile: PakFile FullDirectoryIndexSize=146
[2022.02.03-09.11.51:162][  0]LogShaderLibrary: Display: ShaderCodeLibraryPakFileMountedCallback: PakFile 'C:/Program Files/Epic Games/UE_4.27/FeaturePacks/TP_VehicleAdv.upack' (chunk index -1, root 'root:/') mounted
[2022.02.03-09.11.51:162][  0]LogShaderLibrary: Display: ShaderCodeLibraryPakFileMountedCallback: pending pak file info (ChunkID:-1 Root:root:/ File:C:/Program Files/Epic Games/UE_4.27/FeaturePacks/TP_VehicleAdv.upack)
[2022.02.03-09.11.51:162][  0]LogPakFile: OnPakFileMounted2Time == 0.000025
[2022.02.03-09.11.51:163][  0]LogPakFile: PakFile PrimaryIndexSize=188
[2022.02.03-09.11.51:163][  0]LogPakFile: PakFile PathHashIndexSize=101
[2022.02.03-09.11.51:163][  0]LogPakFile: PakFile FullDirectoryIndexSize=150
[2022.02.03-09.11.51:163][  0]LogShaderLibrary: Display: ShaderCodeLibraryPakFileMountedCallback: PakFile 'C:/Program Files/Epic Games/UE_4.27/FeaturePacks/TP_VehicleAdvBP.upack' (chunk index -1, root 'root:/') mounted
[2022.02.03-09.11.51:163][  0]LogShaderLibrary: Display: ShaderCodeLibraryPakFileMountedCallback: pending pak file info (ChunkID:-1 Root:root:/ File:C:/Program Files/Epic Games/UE_4.27/FeaturePacks/TP_VehicleAdvBP.upack)
[2022.02.03-09.11.51:163][  0]LogPakFile: OnPakFileMounted2Time == 0.000025
[2022.02.03-09.11.51:163][  0]LogPakFile: PakFile PrimaryIndexSize=185
[2022.02.03-09.11.51:163][  0]LogPakFile: PakFile PathHashIndexSize=101
[2022.02.03-09.11.51:163][  0]LogPakFile: PakFile FullDirectoryIndexSize=144
[2022.02.03-09.11.51:163][  0]LogShaderLibrary: Display: ShaderCodeLibraryPakFileMountedCallback: PakFile 'C:/Program Files/Epic Games/UE_4.27/FeaturePacks/TP_VehicleBP.upack' (chunk index -1, root 'root:/') mounted
[2022.02.03-09.11.51:163][  0]LogShaderLibrary: Display: ShaderCodeLibraryPakFileMountedCallback: pending pak file info (ChunkID:-1 Root:root:/ File:C:/Program Files/Epic Games/UE_4.27/FeaturePacks/TP_VehicleBP.upack)
[2022.02.03-09.11.51:163][  0]LogPakFile: OnPakFileMounted2Time == 0.000025
[2022.02.03-09.11.51:164][  0]LogPakFile: PakFile PrimaryIndexSize=192
[2022.02.03-09.11.51:164][  0]LogPakFile: PakFile PathHashIndexSize=101
[2022.02.03-09.11.51:164][  0]LogPakFile: PakFile FullDirectoryIndexSize=158
[2022.02.03-09.11.51:164][  0]LogShaderLibrary: Display: ShaderCodeLibraryPakFileMountedCallback: PakFile 'C:/Program Files/Epic Games/UE_4.27/FeaturePacks/TP_VirtualRealityBP.upack' (chunk index -1, root 'root:/') mounted
[2022.02.03-09.11.51:164][  0]LogShaderLibrary: Display: ShaderCodeLibraryPakFileMountedCallback: pending pak file info (ChunkID:-1 Root:root:/ File:C:/Program Files/Epic Games/UE_4.27/FeaturePacks/TP_VirtualRealityBP.upack)
[2022.02.03-09.11.51:164][  0]LogPakFile: OnPakFileMounted2Time == 0.000027
[2022.02.03-09.11.51:197][  0]LogNativeClassHierarchy: Verbose: Native class hierarchy updated for 'AddContentDialog' in 0.0003 seconds. Added 0 classes and 0 folders.
[2022.02.03-09.11.51:198][  0]LogNativeClassHierarchy: Verbose: Native class hierarchy updated for 'SceneOutliner' in 0.0002 seconds. Added 2 classes and 0 folders.
[2022.02.03-09.11.51:275][  0]LogSlate: Took 0.000104 seconds to synchronously load lazily loaded font '../../../Engine/Content/Slate/Fonts/Roboto-Regular.ttf' (155K)
[2022.02.03-09.11.51:276][  0]LogSlate: Took 0.000110 seconds to synchronously load lazily loaded font '../../../Engine/Content/Editor/Slate/Fonts/FontAwesome.ttf' (139K)
[2022.02.03-09.11.51:278][  0]LogSlate: Took 0.000147 seconds to synchronously load lazily loaded font '../../../Engine/Content/Slate/Fonts/Roboto-Bold.ttf' (160K)
[2022.02.03-09.11.51:346][  0]LogRenderer: Reallocating scene render targets to support 1104x428 Format 10 NumSamples 1 (Frame:1).
[2022.02.03-09.11.51:447][  0]LogNativeClassHierarchy: Verbose: Native class hierarchy updated for 'HierarchicalLODOutliner' in 0.0003 seconds. Added 0 classes and 0 folders.
[2022.02.03-09.11.51:447][  0]LogLoad: (Engine Initialization) Total time: 6.64 seconds
[2022.02.03-09.11.51:447][  0]LogLoad: (Engine Initialization) Total Blueprint compile time: 0.00 seconds
[2022.02.03-09.11.51:500][  0]LogAssetRegistry: Asset discovery search completed in 4.0553 seconds
[2022.02.03-09.11.51:506][  0]LogCollectionManager: Fixed up redirectors for 0 collections in 0.000004 seconds (updated 0 objects)
[2022.02.03-09.11.51:508][  0]LogContentStreaming: Texture pool size now 1000 MB
[2022.02.03-09.11.51:601][  3]LogSlate: Took 0.000141 seconds to synchronously load lazily loaded font '../../../Engine/Content/Slate/Fonts/Roboto-Light.ttf' (167K)
[2022.02.03-09.21.39:061][246]LogSlate: Took 0.004514 seconds to synchronously load lazily loaded font '../../../Engine/Content/Slate/Fonts/Roboto-Italic.ttf' (157K)
[2022.02.03-09.32.42:978][ 75]LogEditorViewport: Clicking on Actor (LMB): LightmassImportanceVolume (LightmassImportanceVolume)
[2022.02.03-09.33.02:148][223]LogSlate: Took 0.000122 seconds to synchronously load lazily loaded font '../../../Engine/Content/Slate/Fonts/Roboto-Light.ttf' (167K)
[2022.02.03-09.33.02:163][223]LogAssetEditorSubsystem: Opening Asset editor for Blueprint /Game/FirstPersonBP/Blueprints/FirstPersonCharacter.FirstPersonCharacter
[2022.02.03-09.33.02:310][223]LogNativeClassHierarchy: Verbose: Native class hierarchy updated for 'BlueprintGraph' in 0.0006 seconds. Added 126 classes and 0 folders.
[2022.02.03-09.33.03:070][223]LogSlate: Took 0.000176 seconds to synchronously load lazily loaded font '../../../Engine/Content/Slate/Fonts/Roboto-BoldCondensed.ttf' (158K)
[2022.02.03-09.33.20:601][260]LogContentBrowser: Deferred new asset folder creation: NewFolder
[2022.02.03-09.33.20:612][260]LogContentBrowser: Creating deferred item: NewFolder
[2022.02.03-09.33.32:403][968]LogContentBrowser: Attempting asset rename: NewFolder -> BIMDataBP
[2022.02.03-09.33.32:404][968]LogContentBrowser: End creating deferred item NewFolder
[2022.02.03-09.33.46:517][810]LogContentBrowser: Deferred new asset file creation: NewWidgetBlueprint
[2022.02.03-09.33.46:528][810]LogContentBrowser: Creating deferred item: NewWidgetBlueprint
[2022.02.03-09.33.56:369][401]LogContentBrowser: Attempting asset rename: NewWidgetBlueprint -> BIMData_ScrollBox
[2022.02.03-09.33.56:370][401]LogContentBrowser: End creating deferred item NewWidgetBlueprint
[2022.02.03-09.34.07:040][ 38]LogContentBrowser: Deferred new asset file creation: NewWidgetBlueprint
[2022.02.03-09.34.07:052][ 38]LogContentBrowser: Creating deferred item: NewWidgetBlueprint
[2022.02.03-09.34.14:743][500]LogContentBrowser: Attempting asset rename: NewWidgetBlueprint -> MetadataKeys
[2022.02.03-09.34.14:744][500]LogContentBrowser: End creating deferred item NewWidgetBlueprint
[2022.02.03-09.34.42:413][135]LogRenderer: Reallocating scene render targets to support 1104x532 Format 10 NumSamples 1 (Frame:1).
[2022.02.03-09.34.48:798][516]LogScript: Warning: Attempted to access TRASH_SkeletalMeshComponent_32 via property FP_Gun, but TRASH_SkeletalMeshComponent_32 is pending kill
	FirstPersonCharacter_C /Game/FirstPersonBP/Maps/FirstPersonExampleMap.FirstPersonExampleMap:PersistentLevel.FirstPersonCharacter_C_1
	Function /Game/FirstPersonBP/Blueprints/FirstPersonCharacter.FirstPersonCharacter_C:UserConstructionScript:0017
[2022.02.03-09.34.48:800][516]LogScript: Warning: Attempted to access TRASH_SkeletalMeshComponent_21 via property FP_Gun, but TRASH_SkeletalMeshComponent_21 is pending kill
	FirstPersonCharacter_C /Engine/Transient.World_1:PersistentLevel.FirstPersonCharacter_C_0
	Function /Game/FirstPersonBP/Blueprints/FirstPersonCharacter.FirstPersonCharacter_C:UserConstructionScript:0017
[2022.02.03-09.34.48:802][516]LogScript: Warning: Attempted to access TRASH_SkeletalMeshComponent_31 via property FP_Gun, but TRASH_SkeletalMeshComponent_31 is pending kill
	FirstPersonCharacter_C /Engine/Transient.World_2:PersistentLevel.FirstPersonCharacter_C_0
	Function /Game/FirstPersonBP/Blueprints/FirstPersonCharacter.FirstPersonCharacter_C:UserConstructionScript:0017
[2022.02.03-09.34.48:829][516]LogScript: Warning: Attempted to access TRASH_SkeletalMeshComponent_31 via property FP_Gun, but TRASH_SkeletalMeshComponent_31 is pending kill
	FirstPersonCharacter_C /Engine/Transient.World_2:PersistentLevel.FirstPersonCharacter_C_0
	Function /Game/FirstPersonBP/Blueprints/FirstPersonCharacter.FirstPersonCharacter_C:UserConstructionScript:0017
[2022.02.03-09.34.50:168][596]LogScript: Warning: Attempted to access TRASH_SkeletalMeshComponent_32 via property FP_Gun, but TRASH_SkeletalMeshComponent_32 is pending kill
	FirstPersonCharacter_C /Game/FirstPersonBP/Maps/FirstPersonExampleMap.FirstPersonExampleMap:PersistentLevel.FirstPersonCharacter_C_1
	Function /Game/FirstPersonBP/Blueprints/FirstPersonCharacter.FirstPersonCharacter_C:UserConstructionScript:0017
[2022.02.03-09.34.50:169][596]LogScript: Warning: Attempted to access TRASH_SkeletalMeshComponent_21 via property FP_Gun, but TRASH_SkeletalMeshComponent_21 is pending kill
	FirstPersonCharacter_C /Engine/Transient.World_1:PersistentLevel.FirstPersonCharacter_C_0
	Function /Game/FirstPersonBP/Blueprints/FirstPersonCharacter.FirstPersonCharacter_C:UserConstructionScript:0017
[2022.02.03-09.34.50:170][596]LogScript: Warning: Attempted to access TRASH_SkeletalMeshComponent_31 via property FP_Gun, but TRASH_SkeletalMeshComponent_31 is pending kill
	FirstPersonCharacter_C /Engine/Transient.World_2:PersistentLevel.FirstPersonCharacter_C_0
	Function /Game/FirstPersonBP/Blueprints/FirstPersonCharacter.FirstPersonCharacter_C:UserConstructionScript:0017
[2022.02.03-09.34.50:197][596]LogScript: Warning: Attempted to access TRASH_SkeletalMeshComponent_31 via property FP_Gun, but TRASH_SkeletalMeshComponent_31 is pending kill
	FirstPersonCharacter_C /Engine/Transient.World_2:PersistentLevel.FirstPersonCharacter_C_0
	Function /Game/FirstPersonBP/Blueprints/FirstPersonCharacter.FirstPersonCharacter_C:UserConstructionScript:0017
[2022.02.03-09.34.50:936][640]LogScript: Warning: Attempted to access TRASH_SkeletalMeshComponent_32 via property FP_Gun, but TRASH_SkeletalMeshComponent_32 is pending kill
	FirstPersonCharacter_C /Game/FirstPersonBP/Maps/FirstPersonExampleMap.FirstPersonExampleMap:PersistentLevel.FirstPersonCharacter_C_1
	Function /Game/FirstPersonBP/Blueprints/FirstPersonCharacter.FirstPersonCharacter_C:UserConstructionScript:0017
[2022.02.03-09.34.50:938][640]LogScript: Warning: Attempted to access TRASH_SkeletalMeshComponent_21 via property FP_Gun, but TRASH_SkeletalMeshComponent_21 is pending kill
	FirstPersonCharacter_C /Engine/Transient.World_1:PersistentLevel.FirstPersonCharacter_C_0
	Function /Game/FirstPersonBP/Blueprints/FirstPersonCharacter.FirstPersonCharacter_C:UserConstructionScript:0017
[2022.02.03-09.34.50:938][640]LogScript: Warning: Attempted to access TRASH_SkeletalMeshComponent_31 via property FP_Gun, but TRASH_SkeletalMeshComponent_31 is pending kill
	FirstPersonCharacter_C /Engine/Transient.World_2:PersistentLevel.FirstPersonCharacter_C_0
	Function /Game/FirstPersonBP/Blueprints/FirstPersonCharacter.FirstPersonCharacter_C:UserConstructionScript:0017
[2022.02.03-09.34.50:959][640]LogScript: Warning: Attempted to access TRASH_SkeletalMeshComponent_31 via property FP_Gun, but TRASH_SkeletalMeshComponent_31 is pending kill
	FirstPersonCharacter_C /Engine/Transient.World_2:PersistentLevel.FirstPersonCharacter_C_0
	Function /Game/FirstPersonBP/Blueprints/FirstPersonCharacter.FirstPersonCharacter_C:UserConstructionScript:0017
[2022.02.03-09.35.00:076][187]LogScript: Warning: Attempted to access TRASH_SkeletalMeshComponent_32 via property FP_Gun, but TRASH_SkeletalMeshComponent_32 is pending kill
	FirstPersonCharacter_C /Game/FirstPersonBP/Maps/FirstPersonExampleMap.FirstPersonExampleMap:PersistentLevel.FirstPersonCharacter_C_1
	Function /Game/FirstPersonBP/Blueprints/FirstPersonCharacter.FirstPersonCharacter_C:UserConstructionScript:0017
[2022.02.03-09.35.00:078][187]LogScript: Warning: Attempted to access TRASH_SkeletalMeshComponent_21 via property FP_Gun, but TRASH_SkeletalMeshComponent_21 is pending kill
	FirstPersonCharacter_C /Engine/Transient.World_1:PersistentLevel.FirstPersonCharacter_C_0
	Function /Game/FirstPersonBP/Blueprints/FirstPersonCharacter.FirstPersonCharacter_C:UserConstructionScript:0017
[2022.02.03-09.35.00:078][187]LogScript: Warning: Attempted to access TRASH_SkeletalMeshComponent_31 via property FP_Gun, but TRASH_SkeletalMeshComponent_31 is pending kill
	FirstPersonCharacter_C /Engine/Transient.World_2:PersistentLevel.FirstPersonCharacter_C_0
	Function /Game/FirstPersonBP/Blueprints/FirstPersonCharacter.FirstPersonCharacter_C:UserConstructionScript:0017
[2022.02.03-09.35.00:099][187]LogScript: Warning: Attempted to access TRASH_SkeletalMeshComponent_31 via property FP_Gun, but TRASH_SkeletalMeshComponent_31 is pending kill
	FirstPersonCharacter_C /Engine/Transient.World_2:PersistentLevel.FirstPersonCharacter_C_0
	Function /Game/FirstPersonBP/Blueprints/FirstPersonCharacter.FirstPersonCharacter_C:UserConstructionScript:0017
[2022.02.03-09.35.07:456][629]LogScript: Warning: Attempted to access TRASH_SkeletalMeshComponent_32 via property FP_Gun, but TRASH_SkeletalMeshComponent_32 is pending kill
	FirstPersonCharacter_C /Game/FirstPersonBP/Maps/FirstPersonExampleMap.FirstPersonExampleMap:PersistentLevel.FirstPersonCharacter_C_1
	Function /Game/FirstPersonBP/Blueprints/FirstPersonCharacter.FirstPersonCharacter_C:UserConstructionScript:0017
[2022.02.03-09.35.07:458][629]LogScript: Warning: Attempted to access TRASH_SkeletalMeshComponent_21 via property FP_Gun, but TRASH_SkeletalMeshComponent_21 is pending kill
	FirstPersonCharacter_C /Engine/Transient.World_1:PersistentLevel.FirstPersonCharacter_C_0
	Function /Game/FirstPersonBP/Blueprints/FirstPersonCharacter.FirstPersonCharacter_C:UserConstructionScript:0017
[2022.02.03-09.35.07:458][629]LogScript: Warning: Attempted to access TRASH_SkeletalMeshComponent_31 via property FP_Gun, but TRASH_SkeletalMeshComponent_31 is pending kill
	FirstPersonCharacter_C /Engine/Transient.World_2:PersistentLevel.FirstPersonCharacter_C_0
	Function /Game/FirstPersonBP/Blueprints/FirstPersonCharacter.FirstPersonCharacter_C:UserConstructionScript:0017
[2022.02.03-09.35.07:476][629]LogScript: Warning: Attempted to access TRASH_SkeletalMeshComponent_31 via property FP_Gun, but TRASH_SkeletalMeshComponent_31 is pending kill
	FirstPersonCharacter_C /Engine/Transient.World_2:PersistentLevel.FirstPersonCharacter_C_0
	Function /Game/FirstPersonBP/Blueprints/FirstPersonCharacter.FirstPersonCharacter_C:UserConstructionScript:0017
[2022.02.03-09.35.34:205][228]LogScript: Warning: Attempted to access TRASH_SkeletalMeshComponent_32 via property FP_Gun, but TRASH_SkeletalMeshComponent_32 is pending kill
	FirstPersonCharacter_C /Game/FirstPersonBP/Maps/FirstPersonExampleMap.FirstPersonExampleMap:PersistentLevel.FirstPersonCharacter_C_1
	Function /Game/FirstPersonBP/Blueprints/FirstPersonCharacter.FirstPersonCharacter_C:UserConstructionScript:0017
[2022.02.03-09.35.34:206][228]LogScript: Warning: Attempted to access TRASH_SkeletalMeshComponent_21 via property FP_Gun, but TRASH_SkeletalMeshComponent_21 is pending kill
	FirstPersonCharacter_C /Engine/Transient.World_1:PersistentLevel.FirstPersonCharacter_C_0
	Function /Game/FirstPersonBP/Blueprints/FirstPersonCharacter.FirstPersonCharacter_C:UserConstructionScript:0017
[2022.02.03-09.35.34:207][228]LogScript: Warning: Attempted to access TRASH_SkeletalMeshComponent_32 via property FP_Gun, but TRASH_SkeletalMeshComponent_32 is pending kill
	FirstPersonCharacter_C /Game/FirstPersonBP/Maps/FirstPersonExampleMap.FirstPersonExampleMap:PersistentLevel.FirstPersonCharacter_C_1
	Function /Game/FirstPersonBP/Blueprints/FirstPersonCharacter.FirstPersonCharacter_C:UserConstructionScript:0017
[2022.02.03-09.35.34:247][228]LogUObjectHash: Compacting FUObjectHashTables data took   2.96ms
[2022.02.03-09.35.34:266][228]LogSavePackage: Moving '../../../../../../Users/ahmed/Documents/GitHub/VR-Room/BIMData/Saved/FirstPersonExampleMap_Auto145794A8D427E24F515AF80A025C7063F.tmp' to '../../../../../../Users/ahmed/Documents/GitHub/VR-Room/BIMData/Saved/Autosaves/Game/FirstPersonBP/Maps/FirstPersonExampleMap_Auto1.umap'
[2022.02.03-09.35.34:267][228]LogFileHelpers: Editor autosave (incl. external actors) for '/Game/FirstPersonBP/Maps/FirstPersonExampleMap' took 0.047
[2022.02.03-09.35.34:267][228]LogFileHelpers: Editor autosave (incl. sublevels & external actors) for all levels took 0.047
[2022.02.03-09.35.34:267][228]OBJ SavePackage: Generating thumbnails for [0] asset(s) in package [/Game/FirstPersonBP/Blueprints/FirstPersonCharacter] ([2] browsable assets)...
[2022.02.03-09.35.34:267][228]OBJ SavePackage: Finished generating thumbnails for package [/Game/FirstPersonBP/Blueprints/FirstPersonCharacter]
[2022.02.03-09.35.34:287][228]LogSavePackage: Moving '../../../../../../Users/ahmed/Documents/GitHub/VR-Room/BIMData/Saved/FirstPersonCharacter_Auto1BB7E6C5F4E4AAFC1787F00B239ECDC62.tmp' to '../../../../../../Users/ahmed/Documents/GitHub/VR-Room/BIMData/Saved/Autosaves/Game/FirstPersonBP/Blueprints/FirstPersonCharacter_Auto1.uasset'
[2022.02.03-09.35.34:287][228]LogFileHelpers: Auto-saving content packages took 0.020
[2022.02.03-09.35.35:321][289]LogAssetEditorSubsystem: Opening Asset editor for WidgetBlueprint /Game/FirstPersonBP/BIMDataBP/MetadataKeys.MetadataKeys
[2022.02.03-09.35.43:040][719]LogScript: Warning: Accessed None trying to read property FP_Gun
	FirstPersonCharacter_C /Game/FirstPersonBP/Maps/FirstPersonExampleMap.FirstPersonExampleMap:PersistentLevel.FirstPersonCharacter_C_1
	Function /Game/FirstPersonBP/Blueprints/FirstPersonCharacter.FirstPersonCharacter_C:UserConstructionScript:0017
[2022.02.03-09.35.43:042][719]LogScript: Warning: Accessed None trying to read property FP_Gun
	FirstPersonCharacter_C /Game/FirstPersonBP/Maps/FirstPersonExampleMap.FirstPersonExampleMap:PersistentLevel.FirstPersonCharacter_C_1
	Function /Game/FirstPersonBP/Blueprints/FirstPersonCharacter.FirstPersonCharacter_C:UserConstructionScript:0017
[2022.02.03-09.35.45:515][867]LogScript: Warning: Accessed None trying to read property FP_Gun
	FirstPersonCharacter_C /Game/FirstPersonBP/Maps/FirstPersonExampleMap.FirstPersonExampleMap:PersistentLevel.FirstPersonCharacter_C_1
	Function /Game/FirstPersonBP/Blueprints/FirstPersonCharacter.FirstPersonCharacter_C:UserConstructionScript:0017
[2022.02.03-09.35.45:517][867]LogScript: Warning: Accessed None trying to read property FP_Gun
	FirstPersonCharacter_C /Game/FirstPersonBP/Maps/FirstPersonExampleMap.FirstPersonExampleMap:PersistentLevel.FirstPersonCharacter_C_1
	Function /Game/FirstPersonBP/Blueprints/FirstPersonCharacter.FirstPersonCharacter_C:UserConstructionScript:0017
[2022.02.03-09.36.12:824][499]LogScript: Warning: Accessed None trying to read property FP_Gun
	FirstPersonCharacter_C /Game/FirstPersonBP/Maps/FirstPersonExampleMap.FirstPersonExampleMap:PersistentLevel.FirstPersonCharacter_C_1
	Function /Game/FirstPersonBP/Blueprints/FirstPersonCharacter.FirstPersonCharacter_C:UserConstructionScript:0017
[2022.02.03-09.39.07:336][966]BlueprintLog: New page: Compile FirstPersonCharacter
[2022.02.03-09.39.07:410][966]LogUObjectHash: Compacting FUObjectHashTables data took   3.42ms
[2022.02.03-09.39.07:467][966]LogSlate: Took 0.006336 seconds to synchronously load lazily loaded font '../../../Engine/Content/Slate/Fonts/DroidSansMono.ttf' (77K)
[2022.02.03-09.45.37:932][248]LogEditorTransaction: Undo Move Nodes
[2022.02.03-09.46.16:775][559]LogSlate: Took 0.005542 seconds to synchronously load lazily loaded font '../../../Engine/Content/Slate/Fonts/Roboto-BoldCondensedItalic.ttf' (160K)
[2022.02.03-09.49.06:414][680]LogUObjectHash: Compacting FUObjectHashTables data took   3.10ms
[2022.02.03-09.49.06:431][680]LogSavePackage: Moving '../../../../../../Users/ahmed/Documents/GitHub/VR-Room/BIMData/Saved/FirstPersonExampleMap_Auto2723F98714AE0D89D6B7A8899B4650BC4.tmp' to '../../../../../../Users/ahmed/Documents/GitHub/VR-Room/BIMData/Saved/Autosaves/Game/FirstPersonBP/Maps/FirstPersonExampleMap_Auto2.umap'
[2022.02.03-09.49.06:432][680]LogFileHelpers: Editor autosave (incl. external actors) for '/Game/FirstPersonBP/Maps/FirstPersonExampleMap' took 0.053
[2022.02.03-09.49.06:432][680]LogFileHelpers: Editor autosave (incl. sublevels & external actors) for all levels took 0.053
[2022.02.03-09.49.06:432][680]OBJ SavePackage: Generating thumbnails for [0] asset(s) in package [/Game/FirstPersonBP/Blueprints/FirstPersonCharacter] ([2] browsable assets)...
[2022.02.03-09.49.06:432][680]OBJ SavePackage: Finished generating thumbnails for package [/Game/FirstPersonBP/Blueprints/FirstPersonCharacter]
[2022.02.03-09.49.06:453][680]LogSavePackage: Moving '../../../../../../Users/ahmed/Documents/GitHub/VR-Room/BIMData/Saved/FirstPersonCharacter_Auto203043B1A40EDE2177560A1B1BA44776F.tmp' to '../../../../../../Users/ahmed/Documents/GitHub/VR-Room/BIMData/Saved/Autosaves/Game/FirstPersonBP/Blueprints/FirstPersonCharacter_Auto2.uasset'
[2022.02.03-09.49.06:454][680]LogFileHelpers: Auto-saving content packages took 0.022
[2022.02.03-09.59.06:684][378]LogUObjectHash: Compacting FUObjectHashTables data took   1.95ms
[2022.02.03-09.59.06:687][378]LogFileHelpers: Editor autosave (incl. external actors) for '/Game/FirstPersonBP/Maps/FirstPersonExampleMap' took 0.038
[2022.02.03-09.59.06:688][378]OBJ SavePackage: Generating thumbnails for [0] asset(s) in package [/Game/FirstPersonBP/Blueprints/FirstPersonCharacter] ([2] browsable assets)...
[2022.02.03-09.59.06:688][378]OBJ SavePackage: Finished generating thumbnails for package [/Game/FirstPersonBP/Blueprints/FirstPersonCharacter]
[2022.02.03-09.59.06:714][378]LogSavePackage: Moving '../../../../../../Users/ahmed/Documents/GitHub/VR-Room/BIMData/Saved/FirstPersonCharacter_Auto3767CEEF34CDBC0874D2583970299EF0E.tmp' to '../../../../../../Users/ahmed/Documents/GitHub/VR-Room/BIMData/Saved/Autosaves/Game/FirstPersonBP/Blueprints/FirstPersonCharacter_Auto3.uasset'
[2022.02.03-09.59.06:767][378]LogFileHelpers: Auto-saving content packages took 0.080
[2022.02.03-10.04.29:693][922]BlueprintLog: New page: Compile FirstPersonCharacter
[2022.02.03-10.04.29:756][922]LogUObjectHash: Compacting FUObjectHashTables data took   3.42ms
[2022.02.03-10.04.30:789][943]LogSavePackage: Moving '../../../../../../Users/ahmed/Documents/GitHub/VR-Room/BIMData/Saved/FirstPersonCharacter3127030F488716F9150A22891E67E189.tmp' to '../../../../../../Users/ahmed/Documents/GitHub/VR-Room/BIMData/Content/FirstPersonBP/Blueprints/FirstPersonCharacter.uasset'
[2022.02.03-10.04.30:830][943]AssetCheck: New page: Asset Save: FirstPersonCharacter
[2022.02.03-10.04.30:830][943]LogContentValidation: Display: Validating Blueprint /Game/FirstPersonBP/Blueprints/FirstPersonCharacter.FirstPersonCharacter
[2022.02.03-10.05.50:793][858]BlueprintLog: New page: Compile FirstPersonCharacter
[2022.02.03-10.05.50:856][858]LogUObjectHash: Compacting FUObjectHashTables data took   3.69ms
[2022.02.03-10.05.51:654][873]LogSavePackage: Moving '../../../../../../Users/ahmed/Documents/GitHub/VR-Room/BIMData/Saved/FirstPersonCharacter5433538E4AE4F4C302DFA8B61EFBF7AC.tmp' to '../../../../../../Users/ahmed/Documents/GitHub/VR-Room/BIMData/Content/FirstPersonBP/Blueprints/FirstPersonCharacter.uasset'
[2022.02.03-10.05.51:696][873]AssetCheck: New page: Asset Save: FirstPersonCharacter
[2022.02.03-10.05.51:696][873]LogContentValidation: Display: Validating Blueprint /Game/FirstPersonBP/Blueprints/FirstPersonCharacter.FirstPersonCharacter
[2022.02.03-10.06.47:600][416]LogSlate: Window 'Message' being destroyed
[2022.02.03-10.06.47:618][416]Message dialog closed, result: Yes, title: Message, text: Plugin 'Datasmith Runtime' is a beta version and might be unstable or removed without notice. Please use with caution. Are you sure you want to enable the plugin?
[2022.02.03-10.07.04:401][875]Cmd: CLOSE_SLATE_MAINFRAME
[2022.02.03-10.07.04:453][875]LogUObjectHash: Compacting FUObjectHashTables data took   4.21ms
[2022.02.03-10.07.05:619][875]LogSlate: Window 'Save Content' being destroyed
[2022.02.03-10.07.05:697][875]LogSavePackage: Moving '../../../../../../Users/ahmed/Documents/GitHub/VR-Room/BIMData/Saved/BIMData_ScrollBox36426AC74D44E6776C5A7E9CE6D6C33C.tmp' to '../../../../../../Users/ahmed/Documents/GitHub/VR-Room/BIMData/Content/FirstPersonBP/BIMDataBP/BIMData_ScrollBox.uasset'
[2022.02.03-10.07.05:734][875]LogUObjectHash: Compacting FUObjectHashTables data took   1.08ms
[2022.02.03-10.07.05:752][875]LogSavePackage: Moving '../../../../../../Users/ahmed/Documents/GitHub/VR-Room/BIMData/Saved/FirstPersonExampleMap47EF70004B22ED003F415C9E35F6E297.tmp' to '../../../../../../Users/ahmed/Documents/GitHub/VR-Room/BIMData/Content/FirstPersonBP/Maps/FirstPersonExampleMap.umap'
[2022.02.03-10.07.05:758][875]LogFileHelpers: Saving map 'FirstPersonExampleMap' took 0.061
[2022.02.03-10.07.05:762][875]LogSavePackage: Moving '../../../../../../Users/ahmed/Documents/GitHub/VR-Room/BIMData/Saved/MetadataKeysB3625A6043A60FEFC48633AA0B9F7ABF.tmp' to '../../../../../../Users/ahmed/Documents/GitHub/VR-Room/BIMData/Content/FirstPersonBP/BIMDataBP/MetadataKeys.uasset'
[2022.02.03-10.07.05:807][875]LogWorld: UWorld::CleanupWorld for World_2, bSessionEnded=true, bCleanupResources=true
[2022.02.03-10.07.05:807][875]LogSlate: InvalidateAllWidgets triggered.  All widgets were invalidated
[2022.02.03-10.07.05:854][875]LogSlate: Window 'MetadataKeys' being destroyed
[2022.02.03-10.07.05:866][875]LogWorld: UWorld::CleanupWorld for World_6, bSessionEnded=true, bCleanupResources=true
[2022.02.03-10.07.05:866][875]LogSlate: InvalidateAllWidgets triggered.  All widgets were invalidated
[2022.02.03-10.07.05:873][875]LogWorld: UWorld::CleanupWorld for World_5, bSessionEnded=true, bCleanupResources=true
[2022.02.03-10.07.05:873][875]LogSlate: InvalidateAllWidgets triggered.  All widgets were invalidated
[2022.02.03-10.07.05:916][875]LogSlate: Window 'Plugins' being destroyed
[2022.02.03-10.07.05:922][875]LogDirectoryWatcher: A directory notification for '../../../Engine/Plugins/' was aborted.
[2022.02.03-10.07.05:927][875]LogSlate: Window 'BIMData - Unreal Editor' being destroyed
[2022.02.03-10.07.06:067][875]AssetCheck: New page: Asset Save: multiple assets
[2022.02.03-10.07.06:067][875]LogContentValidation: Display: Validating World /Game/FirstPersonBP/Maps/FirstPersonExampleMap.FirstPersonExampleMap
[2022.02.03-10.07.06:067][875]LogContentValidation: Display: Validating WidgetBlueprint /Game/FirstPersonBP/BIMDataBP/BIMData_ScrollBox.BIMData_ScrollBox
[2022.02.03-10.07.06:067][875]LogContentValidation: Display: Validating WidgetBlueprint /Game/FirstPersonBP/BIMDataBP/MetadataKeys.MetadataKeys
[2022.02.03-10.07.06:072][876]Cmd: QUIT_EDITOR
[2022.02.03-10.07.06:072][876]LogCore: Engine exit requested (reason: UUnrealEdEngine::CloseEditor())
[2022.02.03-10.07.06:082][876]LogCore: Engine exit requested (reason: EngineExit() was called; note: exit was already requested)
[2022.02.03-10.07.06:085][876]LogAudio: Display: Beginning Audio Device Manager Shutdown (Module: AudioMixerXAudio2)...
[2022.02.03-10.07.06:085][876]LogAudio: Display: Destroying 1 Remaining Audio Device(s)...
[2022.02.03-10.07.06:085][876]LogAudio: Display: Audio Device unregistered from world 'FirstPersonExampleMap'.
[2022.02.03-10.07.06:085][876]LogAudioMixer: FMixerPlatformXAudio2::StopAudioStream() called
[2022.02.03-10.07.06:087][876]LogAudioMixer: FMixerPlatformXAudio2::StopAudioStream() called
[2022.02.03-10.07.06:170][876]LogAudio: Display: Audio Device Manager Shutdown
[2022.02.03-10.07.06:171][876]LogWindowsTextInputMethodSystem: Display: IME system deactivated.
[2022.02.03-10.07.06:179][876]LogExit: Preparing to exit.
[2022.02.03-10.07.07:188][876]LogUObjectHash: Compacting FUObjectHashTables data took   4.53ms
[2022.02.03-10.07.07:350][876]LogWorld: UWorld::CleanupWorld for World_0, bSessionEnded=true, bCleanupResources=true
[2022.02.03-10.07.07:353][876]LogWorld: UWorld::CleanupWorld for World_1, bSessionEnded=true, bCleanupResources=true
[2022.02.03-10.07.07:356][876]LogWorld: UWorld::CleanupWorld for World_3, bSessionEnded=true, bCleanupResources=true
[2022.02.03-10.07.07:358][876]LogWorld: UWorld::CleanupWorld for World_4, bSessionEnded=true, bCleanupResources=true
[2022.02.03-10.07.07:411][876]LogDemo: Cleaned up 0 splitscreen connections with owner deletion
[2022.02.03-10.07.07:418][876]LogWorld: UWorld::CleanupWorld for None, bSessionEnded=true, bCleanupResources=true
[2022.02.03-10.07.07:418][876]LogExit: Editor shut down
[2022.02.03-10.07.07:418][876]LogExit: Transaction tracking system shut down
[2022.02.03-10.07.07:755][876]LogExit: Object subsystem successfully closed.
[2022.02.03-10.07.07:784][876]LogShaderCompilers: Display: === FShaderJobCache stats ===
[2022.02.03-10.07.07:784][876]LogShaderCompilers: Display: Total job queries 0, among them cache hits 0 (0.00%)
[2022.02.03-10.07.07:784][876]LogShaderCompilers: Display: Tracking 0 distinct input hashes that result in 0 distinct outputs (0.00%)
[2022.02.03-10.07.07:784][876]LogShaderCompilers: Display: RAM used: 0.00 MB (0.00 GB) of 1638.40 MB (1.60 GB) budget. Usage: 0.00%
[2022.02.03-10.07.07:784][876]LogShaderCompilers: Display: ================================================
[2022.02.03-10.07.07:796][876]LogShaderCompilers: Display: Shaders left to compile 0
[2022.02.03-10.07.07:823][876]LogModuleManager: Shutting down and abandoning module SequencerWidgets (884)
[2022.02.03-10.07.07:823][876]LogModuleManager: Shutting down and abandoning module BlueprintGraph (882)
[2022.02.03-10.07.07:823][876]LogModuleManager: Shutting down and abandoning module HierarchicalLODOutliner (880)
[2022.02.03-10.07.07:823][876]LogModuleManager: Shutting down and abandoning module SceneOutliner (878)
[2022.02.03-10.07.07:823][876]LogModuleManager: Shutting down and abandoning module AddContentDialog (876)
[2022.02.03-10.07.07:824][876]LogModuleManager: Shutting down and abandoning module WidgetCarousel (875)
[2022.02.03-10.07.07:824][876]LogModuleManager: Shutting down and abandoning module EditorWidgets (872)
[2022.02.03-10.07.07:824][876]LogModuleManager: Shutting down and abandoning module StatsViewer (870)
[2022.02.03-10.07.07:824][876]LogModuleManager: Shutting down and abandoning module PIEPreviewDeviceProfileSelector (868)
[2022.02.03-10.07.07:824][876]LogModuleManager: Shutting down and abandoning module SequenceRecorderSections (866)
[2022.02.03-10.07.07:824][876]LogModuleManager: Shutting down and abandoning module AutomationWorker (864)
[2022.02.03-10.07.07:824][876]LogModuleManager: Shutting down and abandoning module SteamVREditor (862)
[2022.02.03-10.07.07:824][876]LogModuleManager: Shutting down and abandoning module OculusMR (860)
[2022.02.03-10.07.07:824][876]LogModuleManager: Shutting down and abandoning module TakeRecorderSources (858)
[2022.02.03-10.07.07:824][876]LogModuleManager: Shutting down and abandoning module TakeRecorder (857)
[2022.02.03-10.07.07:824][876]LogModuleManager: Shutting down and abandoning module TakeTrackRecorders (854)
[2022.02.03-10.07.07:824][876]LogModuleManager: Shutting down and abandoning module TakesCore (852)
[2022.02.03-10.07.07:824][876]LogModuleManager: Shutting down and abandoning module OpenXRInput (850)
[2022.02.03-10.07.07:824][876]LogModuleManager: Shutting down and abandoning module GooglePADEditor (848)
[2022.02.03-10.07.07:824][876]LogModuleManager: Shutting down and abandoning module AudioCaptureEditor (846)
[2022.02.03-10.07.07:824][876]LogModuleManager: Shutting down and abandoning module TemplateSequenceEditor (844)
[2022.02.03-10.07.07:824][876]LogModuleManager: Shutting down and abandoning module MatineeToLevelSequence (842)
[2022.02.03-10.07.07:824][876]LogModuleManager: Shutting down and abandoning module LevelSequenceEditor (840)
[2022.02.03-10.07.07:824][876]LogModuleManager: Shutting down and abandoning module ActorSequenceEditor (838)
[2022.02.03-10.07.07:824][876]LogModuleManager: Shutting down and abandoning module WmfMediaFactory (836)
[2022.02.03-10.07.07:824][876]LogModuleManager: Shutting down and abandoning module WmfMediaEditor (834)
[2022.02.03-10.07.07:824][876]LogModuleManager: Shutting down and abandoning module WebMMediaFactory (832)
[2022.02.03-10.07.07:824][876]LogModuleManager: Shutting down and abandoning module WebMMediaEditor (830)
[2022.02.03-10.07.07:824][876]LogModuleManager: Shutting down and abandoning module WebMMedia (828)
[2022.02.03-10.07.07:824][876]LogModuleManager: Shutting down and abandoning module MediaPlayerEditor (826)
[2022.02.03-10.07.07:824][876]LogModuleManager: Shutting down and abandoning module AndroidMediaFactory (824)
[2022.02.03-10.07.07:824][876]LogModuleManager: Shutting down and abandoning module AndroidMediaEditor (822)
[2022.02.03-10.07.07:824][876]LogModuleManager: Shutting down and abandoning module PlanarCut (820)
[2022.02.03-10.07.07:824][876]LogModuleManager: Shutting down and abandoning module OpenExrWrapper (818)
[2022.02.03-10.07.07:824][876]LogModuleManager: Shutting down and abandoning module ImgMediaFactory (816)
[2022.02.03-10.07.07:824][876]LogModuleManager: Shutting down and abandoning module ImgMediaEditor (814)
[2022.02.03-10.07.07:824][876]LogModuleManager: Shutting down and abandoning module MediaCompositingEditor (812)
[2022.02.03-10.07.07:824][876]LogModuleManager: Shutting down and abandoning module SequenceRecorder (811)
[2022.02.03-10.07.07:824][876]LogModuleManager: Shutting down and abandoning module AvfMediaFactory (808)
[2022.02.03-10.07.07:825][876]LogModuleManager: Shutting down and abandoning module AvfMediaEditor (806)
[2022.02.03-10.07.07:825][876]LogModuleManager: Shutting down and abandoning module MagicLeapMediaCodecFactory (804)
[2022.02.03-10.07.07:825][876]LogModuleManager: Shutting down and abandoning module MagicLeapMediaFactory (802)
[2022.02.03-10.07.07:825][876]LogModuleManager: Shutting down and abandoning module MagicLeapMediaEditor (800)
[2022.02.03-10.07.07:825][876]LogModuleManager: Shutting down and abandoning module CharacterAI (798)
[2022.02.03-10.07.07:825][876]LogModuleManager: Shutting down and abandoning module TextureAlignMode (796)
[2022.02.03-10.07.07:825][876]LogModuleManager: Shutting down and abandoning module BspMode (794)
[2022.02.03-10.07.07:825][876]LogModuleManager: Shutting down and abandoning module GeometryMode (792)
[2022.02.03-10.07.07:825][876]LogModuleManager: Shutting down and abandoning module CameraShakePreviewer (790)
[2022.02.03-10.07.07:825][876]LogModuleManager: Shutting down and abandoning module SmartSnapping (788)
[2022.02.03-10.07.07:825][876]LogModuleManager: Shutting down and abandoning module SessionServices (786)
[2022.02.03-10.07.07:825][876]LogModuleManager: Shutting down and abandoning module MeshPaint (784)
[2022.02.03-10.07.07:825][876]LogModuleManager: Shutting down and abandoning module VirtualTexturingEditor (782)
[2022.02.03-10.07.07:825][876]LogModuleManager: Shutting down and abandoning module FoliageEdit (780)
[2022.02.03-10.07.07:825][876]LogModuleManager: Shutting down and abandoning module LandscapeEditor (778)
[2022.02.03-10.07.07:825][876]LogModuleManager: Shutting down and abandoning module MeshPaintMode (776)
[2022.02.03-10.07.07:825][876]LogModuleManager: Shutting down and abandoning module SceneDepthPickerMode (774)
[2022.02.03-10.07.07:825][876]LogModuleManager: Shutting down and abandoning module ActorPickerMode (772)
[2022.02.03-10.07.07:825][876]LogModuleManager: Shutting down and abandoning module PlacementMode (770)
[2022.02.03-10.07.07:825][876]LogModuleManager: Shutting down and abandoning module ViewportSnapping (768)
[2022.02.03-10.07.07:825][876]LogModuleManager: Shutting down and abandoning module ViewportInteraction (766)
[2022.02.03-10.07.07:825][876]LogModuleManager: Shutting down and abandoning module ClothPainter (764)
[2022.02.03-10.07.07:825][876]LogModuleManager: Shutting down and abandoning module SkeletalMeshEditor (763)
[2022.02.03-10.07.07:825][876]LogModuleManager: Shutting down and abandoning module LogVisualizer (760)
[2022.02.03-10.07.07:825][876]LogModuleManager: Shutting down and abandoning module IntroTutorials (758)
[2022.02.03-10.07.07:825][876]LogModuleManager: Shutting down and abandoning module GameProjectGeneration (757)
[2022.02.03-10.07.07:825][876]LogModuleManager: Shutting down and abandoning module LuminPlatformEditor (754)
[2022.02.03-10.07.07:825][876]LogModuleManager: Shutting down and abandoning module IOSPlatformEditor (752)
[2022.02.03-10.07.07:825][876]LogModuleManager: Shutting down and abandoning module AndroidPlatformEditor (750)
[2022.02.03-10.07.07:825][876]LogModuleManager: Shutting down and abandoning module AndroidDeviceDetection (749)
[2022.02.03-10.07.08:766][876]LogModuleManager: Shutting down and abandoning module WindowsPlatformEditor (746)
[2022.02.03-10.07.08:766][876]LogModuleManager: Shutting down and abandoning module LuminRuntimeSettings (744)
[2022.02.03-10.07.08:766][876]LogModuleManager: Shutting down and abandoning module IOSRuntimeSettings (742)
[2022.02.03-10.07.08:766][876]LogModuleManager: Shutting down and abandoning module AndroidRuntimeSettings (740)
[2022.02.03-10.07.08:766][876]LogModuleManager: Shutting down and abandoning module TraceInsights (738)
[2022.02.03-10.07.08:766][876]MemoryProfiler: Shutdown
[2022.02.03-10.07.08:766][876]NetworkingProfiler: Shutdown
[2022.02.03-10.07.08:766][876]LoadingProfiler: Shutdown
[2022.02.03-10.07.08:766][876]TimingProfiler: Shutdown
[2022.02.03-10.07.08:767][876]LogModuleManager: Shutting down and abandoning module TraceServices (737)
[2022.02.03-10.07.08:767][876]LogModuleManager: Shutting down and abandoning module EditorInteractiveToolsFramework (734)
[2022.02.03-10.07.08:767][876]LogModuleManager: Shutting down and abandoning module TimeManagementEditor (732)
[2022.02.03-10.07.08:767][876]LogModuleManager: Shutting down and abandoning module InputBindingEditor (730)
[2022.02.03-10.07.08:767][876]LogModuleManager: Shutting down and abandoning module MergeActors (728)
[2022.02.03-10.07.08:767][876]LogModuleManager: Shutting down and abandoning module LocalizationDashboard (726)
[2022.02.03-10.07.08:767][876]LogModuleManager: Shutting down and abandoning module LocalizationService (725)
[2022.02.03-10.07.08:767][876]LogModuleManager: Shutting down and abandoning module HardwareTargeting (722)
[2022.02.03-10.07.08:767][876]LogModuleManager: Shutting down and abandoning module DeviceProfileEditor (720)
[2022.02.03-10.07.08:767][876]LogModuleManager: Shutting down and abandoning module UndoHistory (718)
[2022.02.03-10.07.08:767][876]LogModuleManager: Shutting down and abandoning module XmlParser (716)
[2022.02.03-10.07.08:767][876]LogModuleManager: Shutting down and abandoning module Blutility (714)
[2022.02.03-10.07.08:767][876]LogModuleManager: Shutting down and abandoning module ProjectSettingsViewer (712)
[2022.02.03-10.07.08:767][876]LogModuleManager: Shutting down and abandoning module ProjectTargetPlatformEditor (711)
[2022.02.03-10.07.08:768][876]LogModuleManager: Shutting down and abandoning module EditorSettingsViewer (708)
[2022.02.03-10.07.08:768][876]LogModuleManager: Shutting down and abandoning module InternationalizationSettings (707)
[2022.02.03-10.07.08:768][876]LogModuleManager: Shutting down and abandoning module SettingsEditor (704)
[2022.02.03-10.07.08:768][876]LogModuleManager: Shutting down and abandoning module ProjectLauncher (702)
[2022.02.03-10.07.08:768][876]LogModuleManager: Shutting down and abandoning module SessionFrontend (700)
[2022.02.03-10.07.08:768][876]LogModuleManager: Shutting down and abandoning module ProfilerClient (698)
[2022.02.03-10.07.08:768][876]LogModuleManager: Shutting down and abandoning module DeviceManager (696)
[2022.02.03-10.07.08:768][876]LogModuleManager: Shutting down and abandoning module TargetDeviceServices (695)
[2022.02.03-10.07.08:801][876]LogModuleManager: Shutting down and abandoning module AutomationController (692)
[2022.02.03-10.07.08:801][876]LogModuleManager: Shutting down and abandoning module AutomationWindow (690)
[2022.02.03-10.07.08:801][876]LogModuleManager: Shutting down and abandoning module Layers (688)
[2022.02.03-10.07.08:801][876]LogModuleManager: Shutting down and abandoning module ComponentVisualizers (686)
[2022.02.03-10.07.08:801][876]LogModuleManager: Shutting down and abandoning module DetailCustomizations (684)
[2022.02.03-10.07.08:801][876]LogModuleManager: Shutting down and abandoning module PackagesDialog (682)
[2022.02.03-10.07.08:801][876]LogModuleManager: Shutting down and abandoning module AnimationBlueprintEditor (680)
[2022.02.03-10.07.08:801][876]LogModuleManager: Shutting down and abandoning module Persona (678)
[2022.02.03-10.07.08:801][876]LogModuleManager: Shutting down and abandoning module AdvancedPreviewScene (677)
[2022.02.03-10.07.08:801][876]LogModuleManager: Shutting down and abandoning module AnimGraph (675)
[2022.02.03-10.07.08:801][876]LogModuleManager: Shutting down and abandoning module Kismet (672)
[2022.02.03-10.07.08:813][876]LogModuleManager: Shutting down and abandoning module KismetWidgets (671)
[2022.02.03-10.07.08:813][876]LogModuleManager: Shutting down and abandoning module GraphEditor (668)
[2022.02.03-10.07.08:813][876]LogModuleManager: Shutting down and abandoning module StructViewer (666)
[2022.02.03-10.07.08:813][876]LogModuleManager: Shutting down and abandoning module ClassViewer (664)
[2022.02.03-10.07.08:813][876]LogModuleManager: Shutting down and abandoning module Toolbox (662)
[2022.02.03-10.07.08:813][876]LogModuleManager: Shutting down and abandoning module ModuleUI (660)
[2022.02.03-10.07.08:813][876]LogModuleManager: Shutting down and abandoning module OutputLog (658)
[2022.02.03-10.07.08:814][876]LogModuleManager: Shutting down and abandoning module GammaUI (656)
[2022.02.03-10.07.08:814][876]LogModuleManager: Shutting down and abandoning module Documentation (654)
[2022.02.03-10.07.08:814][876]LogModuleManager: Shutting down and abandoning module LiveCoding (652)
[2022.02.03-10.07.08:814][876]LogModuleManager: Shutting down and abandoning module LevelSequence (650)
[2022.02.03-10.07.08:814][876]LogModuleManager: Shutting down and abandoning module MovieSceneTracks (648)
[2022.02.03-10.07.08:814][876]LogModuleManager: Shutting down and abandoning module MovieScene (646)
[2022.02.03-10.07.08:814][876]LogModuleManager: Shutting down and abandoning module StreamingPauseRendering (644)
[2022.02.03-10.07.08:814][876]LogModuleManager: Shutting down and abandoning module LauncherPlatform (642)
[2022.02.03-10.07.08:814][876]LogModuleManager: Shutting down and abandoning module AnalyticsET (640)
[2022.02.03-10.07.08:814][876]LogModuleManager: Shutting down and abandoning module PortalServices (638)
[2022.02.03-10.07.08:814][876]LogModuleManager: Shutting down and abandoning module PortalRpc (636)
[2022.02.03-10.07.08:814][876]LogModuleManager: Shutting down and abandoning module MessagingRpc (634)
[2022.02.03-10.07.08:814][876]LogModuleManager: Shutting down and abandoning module AudioMixerXAudio2 (632)
[2022.02.03-10.07.08:814][876]LogModuleManager: Shutting down and abandoning module AudioMixerCore (631)
[2022.02.03-10.07.08:814][876]LogModuleManager: Shutting down and abandoning module AIModule (628)
[2022.02.03-10.07.08:814][876]LogModuleManager: Shutting down and abandoning module GameplayDebugger (627)
[2022.02.03-10.07.08:814][876]LogModuleManager: Shutting down and abandoning module AITestSuite (625)
[2022.02.03-10.07.08:814][876]LogModuleManager: Shutting down and abandoning module NavigationSystem (623)
[2022.02.03-10.07.08:814][876]LogModuleManager: Shutting down and abandoning module ImageWriteQueue (620)
[2022.02.03-10.07.08:822][876]LogModuleManager: Shutting down and abandoning module ProfilerService (618)
[2022.02.03-10.07.08:832][876]LogModuleManager: Shutting down and abandoning module TaskGraph (616)
[2022.02.03-10.07.08:832][876]LogModuleManager: Shutting down and abandoning module AudioSynesthesiaEditor (614)
[2022.02.03-10.07.08:832][876]LogModuleManager: Shutting down and abandoning module MegascansPlugin (612)
[2022.02.03-10.07.08:832][876]LogModuleManager: Shutting down and abandoning module OculusEditor (610)
[2022.02.03-10.07.08:832][876]LogModuleManager: Shutting down and abandoning module OculusInput (608)
[2022.02.03-10.07.08:832][876]LogModuleManager: Shutting down and abandoning module SQLiteSupport (606)
[2022.02.03-10.07.08:832][876]LogModuleManager: Shutting down and abandoning module DatabaseSupport (604)
[2022.02.03-10.07.08:832][876]LogModuleManager: Shutting down and abandoning module ContentBrowserFileDataSource (602)
[2022.02.03-10.07.08:832][876]LogModuleManager: Shutting down and abandoning module ContentBrowserClassDataSource (600)
[2022.02.03-10.07.08:832][876]LogModuleManager: Shutting down and abandoning module ContentBrowserAssetDataSource (598)
[2022.02.03-10.07.08:832][876]LogModuleManager: Shutting down and abandoning module CollectionManager (597)
[2022.02.03-10.07.08:832][876]LogModuleManager: Shutting down and abandoning module ScreenshotTools (594)
[2022.02.03-10.07.08:832][876]LogModuleManager: Shutting down and abandoning module TakeSequencer (592)
[2022.02.03-10.07.08:832][876]LogModuleManager: Shutting down and abandoning module TakeMovieScene (590)
[2022.02.03-10.07.08:832][876]LogModuleManager: Shutting down and abandoning module SynthesisEditor (588)
[2022.02.03-10.07.08:832][876]LogModuleManager: Shutting down and abandoning module Synthesis (586)
[2022.02.03-10.07.08:832][876]LogModuleManager: Shutting down and abandoning module ProceduralMeshComponentEditor (584)
[2022.02.03-10.07.08:832][876]LogModuleManager: Shutting down and abandoning module ProceduralMeshComponent (582)
[2022.02.03-10.07.08:832][876]LogModuleManager: Shutting down and abandoning module OpenXREditor (580)
[2022.02.03-10.07.08:833][876]LogModuleManager: Shutting down and abandoning module MobilePatchingUtils (578)
[2022.02.03-10.07.08:833][876]LogModuleManager: Shutting down and abandoning module GooglePAD (576)
[2022.02.03-10.07.08:833][876]LogModuleManager: Shutting down and abandoning module EditableMesh (574)
[2022.02.03-10.07.08:833][876]LogModuleManager: Shutting down and abandoning module CustomMeshComponent (572)
[2022.02.03-10.07.08:833][876]LogModuleManager: Shutting down and abandoning module CableComponent (570)
[2022.02.03-10.07.08:833][876]LogModuleManager: Shutting down and abandoning module AudioCapture (568)
[2022.02.03-10.07.08:833][876]LogModuleManager: Shutting down and abandoning module AudioCaptureRtAudio (567)
[2022.02.03-10.07.08:833][876]LogModuleManager: Shutting down and abandoning module AssetTags (564)
[2022.02.03-10.07.08:833][876]LogModuleManager: Shutting down and abandoning module ArchVisCharacter (562)
[2022.02.03-10.07.08:833][876]LogModuleManager: Shutting down and abandoning module AppleImageUtilsBlueprintSupport (560)
[2022.02.03-10.07.08:833][876]LogModuleManager: Shutting down and abandoning module AppleImageUtils (558)
[2022.02.03-10.07.08:833][876]LogModuleManager: Shutting down and abandoning module AndroidPermission (556)
[2022.02.03-10.07.08:833][876]LogModuleManager: Shutting down and abandoning module ActorLayerUtilitiesEditor (554)
[2022.02.03-10.07.08:833][876]LogModuleManager: Shutting down and abandoning module ActorLayerUtilities (552)
[2022.02.03-10.07.08:833][876]LogModuleManager: Shutting down and abandoning module TemplateSequence (550)
[2022.02.03-10.07.08:833][876]LogModuleManager: Shutting down and abandoning module OpenImageDenoise (548)
[2022.02.03-10.07.08:833][876]LogOpenImageDenoise: OIDN shutting down
[2022.02.03-10.07.08:833][876]LogModuleManager: Shutting down and abandoning module MotoSynthEditor (546)
[2022.02.03-10.07.08:833][876]LogModuleManager: Shutting down and abandoning module MotoSynth (544)
[2022.02.03-10.07.08:833][876]LogModuleManager: Shutting down and abandoning module ImgMedia (542)
[2022.02.03-10.07.08:833][876]LogModuleManager: Shutting down and abandoning module MediaCompositing (540)
[2022.02.03-10.07.08:833][876]LogModuleManager: Shutting down and abandoning module MeshConversion (538)
[2022.02.03-10.07.08:833][876]LogModuleManager: Shutting down and abandoning module DynamicMesh (536)
[2022.02.03-10.07.08:833][876]LogModuleManager: Shutting down and abandoning module GeometryAlgorithms (534)
[2022.02.03-10.07.08:833][876]LogModuleManager: Shutting down and abandoning module GeometricObjects (532)
[2022.02.03-10.07.08:833][876]LogModuleManager: Shutting down and abandoning module GeometryCollectionTracks (530)
[2022.02.03-10.07.08:833][876]LogModuleManager: Shutting down and abandoning module GeometryCollectionSequencer (529)
[2022.02.03-10.07.08:833][876]LogModuleManager: Shutting down and abandoning module GeometryCollectionEditor (526)
[2022.02.03-10.07.08:833][876]LogModuleManager: Shutting down and abandoning module MagicLeapSharedWorld (524)
[2022.02.03-10.07.08:833][876]LogModuleManager: Shutting down and abandoning module GeometryCacheTracks (522)
[2022.02.03-10.07.08:833][876]LogModuleManager: Shutting down and abandoning module GeometryCacheStreamer (520)
[2022.02.03-10.07.08:833][876]LogModuleManager: Shutting down and abandoning module GeometryCacheSequencer (518)
[2022.02.03-10.07.08:833][876]LogModuleManager: Shutting down and abandoning module MagicLeapLightEstimation (516)
[2022.02.03-10.07.08:833][876]LogModuleManager: Shutting down and abandoning module MagicLeapHelperVulkan (514)
[2022.02.03-10.07.08:833][876]LogModuleManager: Shutting down and abandoning module MagicLeapHelperOpenGL (512)
[2022.02.03-10.07.08:833][876]LogModuleManager: Shutting down and abandoning module MagicLeapAudio (510)
[2022.02.03-10.07.08:833][876]LogModuleManager: Shutting down and abandoning module ChaosNiagara (508)
[2022.02.03-10.07.08:833][876]LogModuleManager: Shutting down and abandoning module FractureEditor (506)
[2022.02.03-10.07.08:833][876]LogModuleManager: Shutting down and abandoning module ChaosSolverEditor (504)
[2022.02.03-10.07.08:833][876]LogModuleManager: Shutting down and abandoning module FieldSystemEngine (503)
[2022.02.03-10.07.08:833][876]LogModuleManager: Shutting down and abandoning module ChaosClothEditor (500)
[2022.02.03-10.07.08:833][876]LogModuleManager: Shutting down and abandoning module BackChannel (498)
[2022.02.03-10.07.08:833][876]LogModuleManager: Shutting down and abandoning module AutomationUtilsEditor (496)
[2022.02.03-10.07.08:833][876]LogModuleManager: Shutting down and abandoning module AutomationUtils (494)
[2022.02.03-10.07.08:833][876]LogModuleManager: Shutting down and abandoning module VisualStudioSourceCodeAccess (492)
[2022.02.03-10.07.08:833][876]LogModuleManager: Shutting down and abandoning module AlembicImporter (490)
[2022.02.03-10.07.08:833][876]LogModuleManager: Shutting down and abandoning module AlembicLibrary (489)
[2022.02.03-10.07.08:833][876]LogModuleManager: Shutting down and abandoning module GeometryCache (488)
[2022.02.03-10.07.08:833][876]LogModuleManager: Shutting down and abandoning module GeometryCacheEd (487)
[2022.02.03-10.07.08:833][876]LogModuleManager: Shutting down and abandoning module UObjectPlugin (482)
[2022.02.03-10.07.08:833][876]LogModuleManager: Shutting down and abandoning module VisualStudioCodeSourceCodeAccess (480)
[2022.02.03-10.07.08:833][876]LogModuleManager: Shutting down and abandoning module SubversionSourceControl (478)
[2022.02.03-10.07.08:833][876]LogModuleManager: Shutting down and abandoning module RiderSourceCodeAccess (476)
[2022.02.03-10.07.08:833][876]LogModuleManager: Shutting down and abandoning module PluginUtils (474)
[2022.02.03-10.07.08:833][876]LogModuleManager: Shutting down and abandoning module PlasticSourceControl (472)
[2022.02.03-10.07.08:833][876]LogModuleManager: Shutting down and abandoning module PerforceSourceControl (470)
[2022.02.03-10.07.08:833][876]LogModuleManager: Shutting down and abandoning module NiagaraEditorWidgets (468)
[2022.02.03-10.07.08:834][876]LogModuleManager: Shutting down and abandoning module GitSourceControl (466)
[2022.02.03-10.07.08:834][876]LogModuleManager: Shutting down and abandoning module SourceControl (465)
[2022.02.03-10.07.08:834][876]LogModuleManager: Shutting down and abandoning module CLionSourceCodeAccess (462)
[2022.02.03-10.07.08:834][876]LogModuleManager: Shutting down and abandoning module AnimationSharingEd (460)
[2022.02.03-10.07.08:834][876]LogModuleManager: Shutting down and abandoning module VariantManagerContentEditor (458)
[2022.02.03-10.07.08:834][876]LogModuleManager: Shutting down and abandoning module DatasmithContentEditor (456)
[2022.02.03-10.07.08:834][876]LogModuleManager: Shutting down and abandoning module SpeedTreeImporter (454)
[2022.02.03-10.07.08:834][876]LogModuleManager: Shutting down and abandoning module MobileLauncherProfileWizard (452)
[2022.02.03-10.07.08:834][876]LogModuleManager: Shutting down and abandoning module PluginBrowser (450)
[2022.02.03-10.07.08:834][876]LogModuleManager: Shutting down and abandoning module MaterialAnalyzer (448)
[2022.02.03-10.07.08:834][876]LogModuleManager: Shutting down and abandoning module CurveEditorTools (446)
[2022.02.03-10.07.08:834][876]LogModuleManager: Shutting down and abandoning module EditorScriptingUtilities (444)
[2022.02.03-10.07.08:834][876]LogModuleManager: Shutting down and abandoning module CryptoKeysOpenSSL (442)
[2022.02.03-10.07.08:834][876]LogModuleManager: Shutting down and abandoning module CryptoKeys (440)
[2022.02.03-10.07.08:834][876]LogModuleManager: Shutting down and abandoning module OodleNetworkHandlerComponent (438)
[2022.02.03-10.07.08:834][876]LogModuleManager: Shutting down and abandoning module LightPropagationVolumeEditor (436)
[2022.02.03-10.07.08:834][876]LogModuleManager: Shutting down and abandoning module LiveLinkSequencer (434)
[2022.02.03-10.07.08:834][876]LogModuleManager: Shutting down and abandoning module LiveLinkMovieScene (432)
[2022.02.03-10.07.08:834][876]LogModuleManager: Shutting down and abandoning module LiveLinkGraphNode (430)
[2022.02.03-10.07.08:834][876]LogModuleManager: Shutting down and abandoning module LiveLinkEditor (428)
[2022.02.03-10.07.08:834][876]LogModuleManager: Shutting down and abandoning module LiveLinkComponents (426)
[2022.02.03-10.07.08:834][876]LogModuleManager: Shutting down and abandoning module LiveLink (424)
[2022.02.03-10.07.09:290][876]LogModuleManager: Shutting down and abandoning module PaperTiledImporter (422)
[2022.02.03-10.07.09:290][876]LogModuleManager: Shutting down and abandoning module PaperSpriteSheetImporter (420)
[2022.02.03-10.07.09:290][876]LogModuleManager: Shutting down and abandoning module Paper2DEditor (418)
[2022.02.03-10.07.09:290][876]LogModuleManager: Shutting down and abandoning module MeshPaintingToolset (416)
[2022.02.03-10.07.09:290][876]LogModuleManager: Shutting down and abandoning module MeshPaintEditorMode (414)
[2022.02.03-10.07.09:290][876]LogModuleManager: Shutting down and abandoning module SQLiteCore (412)
[2022.02.03-10.07.09:290][876]LogModuleManager: Shutting down and abandoning module SignificanceManager (410)
[2022.02.03-10.07.09:290][876]LogModuleManager: Shutting down and abandoning module SoundFields (408)
[2022.02.03-10.07.09:290][876]LogModuleManager: Shutting down and abandoning module RuntimePhysXCooking (406)
[2022.02.03-10.07.09:290][876]LogModuleManager: Shutting down and abandoning module PropertyAccessEditor (404)
[2022.02.03-10.07.09:290][876]LogModuleManager: Shutting down and abandoning module PhysXVehiclesEditor (402)
[2022.02.03-10.07.09:290][876]LogModuleManager: Shutting down and abandoning module LocationServicesBPLibrary (398)
[2022.02.03-10.07.09:290][876]LogModuleManager: Shutting down and abandoning module AudioSynesthesia (396)
[2022.02.03-10.07.09:290][876]LogModuleManager: Shutting down and abandoning module AudioSynesthesiaCore (394)
[2022.02.03-10.07.09:290][876]LogModuleManager: Shutting down and abandoning module UdpMessaging (392)
[2022.02.03-10.07.09:391][876]LogModuleManager: Shutting down and abandoning module TcpMessaging (390)
[2022.02.03-10.07.09:491][876]LogModuleManager: Shutting down and abandoning module ActorSequence (388)
[2022.02.03-10.07.09:491][876]LogModuleManager: Shutting down and abandoning module PythonScriptPlugin (386)
[2022.02.03-10.07.09:491][876]LogModuleManager: Shutting down and abandoning module ImgMediaEngine (384)
[2022.02.03-10.07.09:491][876]LogModuleManager: Shutting down and abandoning module MagicLeapARPin (382)
[2022.02.03-10.07.09:491][876]LogModuleManager: Shutting down and abandoning module MagicLeapHandMeshing (380)
[2022.02.03-10.07.09:491][876]LogModuleManager: Shutting down and abandoning module MagicLeapSecureStorage (378)
[2022.02.03-10.07.09:491][876]LogModuleManager: Shutting down and abandoning module MagicLeapPrivileges (376)
[2022.02.03-10.07.09:491][876]LogModuleManager: Shutting down and abandoning module MagicLeapPlanes (374)
[2022.02.03-10.07.09:491][876]LogMagicLeapPlanes: Planes tracker already destroyed.
[2022.02.03-10.07.09:491][876]LogModuleManager: Shutting down and abandoning module MagicLeapImageTracker (372)
[2022.02.03-10.07.09:491][876]LogModuleManager: Shutting down and abandoning module MagicLeapIdentity (370)
[2022.02.03-10.07.09:491][876]LogModuleManager: Shutting down and abandoning module MagicLeapHandTracking (368)
[2022.02.03-10.07.09:491][876]LogModuleManager: Shutting down and abandoning module MagicLeapEyeTracker (366)
[2022.02.03-10.07.09:491][876]LogModuleManager: Shutting down and abandoning module MagicLeapController (364)
[2022.02.03-10.07.09:491][876]LogModuleManager: Shutting down and abandoning module MagicLeapARPinImpl (362)
[2022.02.03-10.07.09:491][876]LogModuleManager: Shutting down and abandoning module MagicLeapAR (360)
[2022.02.03-10.07.09:491][876]LogModuleManager: Shutting down and abandoning module PropertyAccessNode (358)
[2022.02.03-10.07.09:491][876]LogModuleManager: Shutting down and abandoning module NiagaraAnimNotifies (356)
[2022.02.03-10.07.09:491][876]LogModuleManager: Shutting down and abandoning module Niagara (354)
[2022.02.03-10.07.09:491][876]LogModuleManager: Shutting down and abandoning module SignalProcessing (353)
[2022.02.03-10.07.09:491][876]LogModuleManager: Shutting down and abandoning module NiagaraEditor (351)
[2022.02.03-10.07.09:492][876]LogModuleManager: Shutting down and abandoning module NiagaraCore (348)
[2022.02.03-10.07.09:492][876]LogModuleManager: Shutting down and abandoning module AnimationSharing (346)
[2022.02.03-10.07.09:492][876]LogModuleManager: Shutting down and abandoning module DataValidation (344)
[2022.02.03-10.07.09:492][876]LogModuleManager: Shutting down and abandoning module GameplayTagsEditor (342)
[2022.02.03-10.07.09:492][876]LogModuleManager: Shutting down and abandoning module FacialAnimationEditor (340)
[2022.02.03-10.07.09:492][876]LogModuleManager: Shutting down and abandoning module FacialAnimation (338)
[2022.02.03-10.07.09:492][876]LogModuleManager: Shutting down and abandoning module AssetManagerEditor (336)
[2022.02.03-10.07.09:492][876]LogModuleManager: Shutting down and abandoning module LevelEditor (335)
[2022.02.03-10.07.09:493][876]LogModuleManager: Shutting down and abandoning module PixelInspectorModule (334)
[2022.02.03-10.07.09:493][876]LogModuleManager: Shutting down and abandoning module CommonMenuExtensions (332)
[2022.02.03-10.07.09:493][876]LogModuleManager: Shutting down and abandoning module MainFrame (330)
[2022.02.03-10.07.09:494][876]LogModuleManager: Shutting down and abandoning module HotReload (329)
[2022.02.03-10.07.09:494][876]LogModuleManager: Shutting down and abandoning module ToolMenus (325)
[2022.02.03-10.07.09:494][876]LogModuleManager: Shutting down and abandoning module ContentBrowser (323)
[2022.02.03-10.07.09:494][876]LogModuleManager: Shutting down and abandoning module ContentBrowserData (322)
[2022.02.03-10.07.09:494][876]LogModuleManager: Shutting down and abandoning module TreeMap (319)
[2022.02.03-10.07.09:494][876]LogModuleManager: Shutting down and abandoning module GameplayCameras (316)
[2022.02.03-10.07.09:494][876]LogModuleManager: Shutting down and abandoning module LightPropagationVolumeRuntime (314)
[2022.02.03-10.07.09:494][876]LogModuleManager: Shutting down and abandoning module EnvironmentQueryEditor (312)
[2022.02.03-10.07.09:494][876]LogModuleManager: Shutting down and abandoning module Paper2D (310)
[2022.02.03-10.07.09:494][876]LogModuleManager: Shutting down and abandoning module WindowsMoviePlayer (308)
[2022.02.03-10.07.09:495][876]LogModuleManager: Shutting down and abandoning module WebMMoviePlayer (306)
[2022.02.03-10.07.09:495][876]LogModuleManager: Shutting down and abandoning module NetworkReplayStreaming (304)
[2022.02.03-10.07.09:495][876]LogModuleManager: Shutting down and abandoning module PacketHandler (302)
[2022.02.03-10.07.09:495][876]LogModuleManager: Shutting down and abandoning module ClothingSystemEditor (300)
[2022.02.03-10.07.09:495][876]LogModuleManager: Shutting down and abandoning module ClothingSystemRuntimeNv (298)
[2022.02.03-10.07.09:496][876]LogModuleManager: Shutting down and abandoning module MediaAssets (296)
[2022.02.03-10.07.09:496][876]LogModuleManager: Shutting down and abandoning module Overlay (294)
[2022.02.03-10.07.09:496][876]LogModuleManager: Shutting down and abandoning module OverlayEditor (293)
[2022.02.03-10.07.09:496][876]LogModuleManager: Shutting down and abandoning module VREditor (290)
[2022.02.03-10.07.09:496][876]LogModuleManager: Shutting down and abandoning module StringTableEditor (288)
[2022.02.03-10.07.09:496][876]LogModuleManager: Shutting down and abandoning module GameplayTasksEditor (286)
[2022.02.03-10.07.09:496][876]LogModuleManager: Shutting down and abandoning module BehaviorTreeEditor (284)
[2022.02.03-10.07.09:496][876]LogModuleManager: Shutting down and abandoning module FunctionalTesting (282)
[2022.02.03-10.07.09:496][876]LogModuleManager: Shutting down and abandoning module CollisionAnalyzer (280)
[2022.02.03-10.07.09:496][876]LogModuleManager: Shutting down and abandoning module WorkspaceMenuStructure (279)
[2022.02.03-10.07.09:496][876]LogModuleManager: Shutting down and abandoning module UMG (276)
[2022.02.03-10.07.09:496][876]LogModuleManager: Shutting down and abandoning module UMGEditor (275)
[2022.02.03-10.07.09:496][876]LogModuleManager: Shutting down and abandoning module MessageLog (273)
[2022.02.03-10.07.09:496][876]LogModuleManager: Shutting down and abandoning module SlateReflector (268)
[2022.02.03-10.07.09:496][876]LogModuleManager: Shutting down and abandoning module Slate (266)
[2022.02.03-10.07.09:496][876]LogModuleManager: Shutting down and abandoning module SlateCore (264)
[2022.02.03-10.07.09:496][876]LogModuleManager: Shutting down and abandoning module LandscapeEditorUtilities (262)
[2022.02.03-10.07.09:496][876]LogModuleManager: Shutting down and abandoning module UnrealEd (260)
[2022.02.03-10.07.09:496][876]LogModuleManager: Shutting down and abandoning module MRMesh (258)
[2022.02.03-10.07.09:496][876]LogModuleManager: Shutting down and abandoning module SourceCodeAccess (256)
[2022.02.03-10.07.09:496][876]LogModuleManager: Shutting down and abandoning module HeadMountedDisplay (254)
[2022.02.03-10.07.09:496][876]LogModuleManager: Shutting down and abandoning module XAudio2 (252)
[2022.02.03-10.07.09:496][876]LogModuleManager: Shutting down and abandoning module Networking (250)
[2022.02.03-10.07.09:497][876]LogModuleManager: Shutting down and abandoning module Core (248)
[2022.02.03-10.07.09:497][876]LogModuleManager: Shutting down and abandoning module MaterialEditor (246)
[2022.02.03-10.07.09:497][876]LogModuleManager: Shutting down and abandoning module MovieSceneTools (244)
[2022.02.03-10.07.09:497][876]LogModuleManager: Shutting down and abandoning module CurveEditor (243)
[2022.02.03-10.07.09:497][876]LogModuleManager: Shutting down and abandoning module Sequencer (241)
[2022.02.03-10.07.09:497][876]LogModuleManager: Shutting down and abandoning module EditorStyle (240)
[2022.02.03-10.07.09:497][876]LogModuleManager: Shutting down and abandoning module KismetCompiler (236)
[2022.02.03-10.07.09:497][876]LogModuleManager: Shutting down and abandoning module MeshBuilder (234)
[2022.02.03-10.07.09:497][876]LogModuleManager: Shutting down and abandoning module MeshUtilities (232)
[2022.02.03-10.07.09:497][876]LogModuleManager: Shutting down and abandoning module MeshMergeUtilities (231)
[2022.02.03-10.07.09:497][876]LogModuleManager: Shutting down and abandoning module MeshReductionInterface (230)
[2022.02.03-10.07.09:497][876]LogModuleManager: Shutting down and abandoning module MeshBoneReduction (229)
[2022.02.03-10.07.09:497][876]LogModuleManager: Shutting down and abandoning module SkeletalMeshReduction (227)
[2022.02.03-10.07.09:497][876]LogModuleManager: Shutting down and abandoning module ProxyLODMeshReduction (225)
[2022.02.03-10.07.09:497][876]LogModuleManager: Shutting down and abandoning module QuadricMeshReduction (223)
[2022.02.03-10.07.09:497][876]LogModuleManager: Shutting down and abandoning module MaterialBaking (219)
[2022.02.03-10.07.09:498][876]LogModuleManager: Shutting down and abandoning module NullInstallBundleManager (214)
[2022.02.03-10.07.09:498][876]LogModuleManager: Shutting down and abandoning module DerivedDataCache (212)
[2022.02.03-10.07.09:498][876]LogModuleManager: Shutting down and abandoning module TargetPlatform (210)
[2022.02.03-10.07.09:498][876]LogModuleManager: Shutting down and abandoning module VulkanShaderFormat (209)
[2022.02.03-10.07.09:498][876]LogModuleManager: Shutting down and abandoning module ShaderFormatVectorVM (207)
[2022.02.03-10.07.09:498][876]LogModuleManager: Shutting down and abandoning module ShaderFormatOpenGL (205)
[2022.02.03-10.07.09:498][876]LogModuleManager: Shutting down and abandoning module ShaderFormatD3D (203)
[2022.02.03-10.07.09:498][876]LogModuleManager: Shutting down and abandoning module MetalShaderFormat (201)
[2022.02.03-10.07.09:498][876]LogModuleManager: Shutting down and abandoning module TextureFormatOodle (199)
[2022.02.03-10.07.09:498][876]LogModuleManager: Shutting down and abandoning module TextureFormatUncompressed (197)
[2022.02.03-10.07.09:498][876]LogModuleManager: Shutting down and abandoning module TextureFormatPVR (195)
[2022.02.03-10.07.09:498][876]LogModuleManager: Shutting down and abandoning module TextureFormatETC2 (193)
[2022.02.03-10.07.09:498][876]LogModuleManager: Shutting down and abandoning module TextureFormatDXT (191)
[2022.02.03-10.07.09:498][876]LogModuleManager: Shutting down and abandoning module TextureFormatIntelISPCTexComp (189)
[2022.02.03-10.07.09:498][876]LogModuleManager: Shutting down and abandoning module TextureFormatASTC (187)
[2022.02.03-10.07.09:498][876]LogModuleManager: Shutting down and abandoning module ImageWrapper (186)
[2022.02.03-10.07.09:498][876]LogModuleManager: Shutting down and abandoning module AudioFormatOpus (183)
[2022.02.03-10.07.09:498][876]LogModuleManager: Shutting down and abandoning module AudioFormatOgg (181)
[2022.02.03-10.07.09:498][876]LogModuleManager: Shutting down and abandoning module AudioFormatADPCM (179)
[2022.02.03-10.07.09:498][876]LogModuleManager: Shutting down and abandoning module WindowsServerTargetPlatform (177)
[2022.02.03-10.07.09:498][876]LogModuleManager: Shutting down and abandoning module WindowsClientTargetPlatform (175)
[2022.02.03-10.07.09:498][876]LogModuleManager: Shutting down and abandoning module WindowsTargetPlatform (173)
[2022.02.03-10.07.09:498][876]LogModuleManager: Shutting down and abandoning module WindowsNoEditorTargetPlatform (171)
[2022.02.03-10.07.09:498][876]LogModuleManager: Shutting down and abandoning module TVOSTargetPlatform (169)
[2022.02.03-10.07.09:498][876]LogModuleManager: Shutting down and abandoning module MacServerTargetPlatform (167)
[2022.02.03-10.07.09:498][876]LogModuleManager: Shutting down and abandoning module MacClientTargetPlatform (165)
[2022.02.03-10.07.09:498][876]LogModuleManager: Shutting down and abandoning module MacTargetPlatform (163)
[2022.02.03-10.07.09:498][876]LogModuleManager: Shutting down and abandoning module MacNoEditorTargetPlatform (161)
[2022.02.03-10.07.09:498][876]LogModuleManager: Shutting down and abandoning module LuminTargetPlatform (159)
[2022.02.03-10.07.09:499][876]LogModuleManager: Shutting down and abandoning module LinuxAArch64ServerTargetPlatform (157)
[2022.02.03-10.07.09:499][876]LogModuleManager: Shutting down and abandoning module LinuxAArch64ClientTargetPlatform (155)
[2022.02.03-10.07.09:499][876]LogModuleManager: Shutting down and abandoning module LinuxAArch64NoEditorTargetPlatform (153)
[2022.02.03-10.07.09:499][876]LogModuleManager: Shutting down and abandoning module LinuxServerTargetPlatform (151)
[2022.02.03-10.07.09:499][876]LogModuleManager: Shutting down and abandoning module LinuxClientTargetPlatform (149)
[2022.02.03-10.07.09:499][876]LogModuleManager: Shutting down and abandoning module LinuxNoEditorTargetPlatform (147)
[2022.02.03-10.07.09:499][876]LogModuleManager: Shutting down and abandoning module LinuxTargetPlatform (145)
[2022.02.03-10.07.09:499][876]LogModuleManager: Shutting down and abandoning module Messaging (143)
[2022.02.03-10.07.09:499][876]LogModuleManager: Shutting down and abandoning module IOSTargetPlatform (141)
[2022.02.03-10.07.09:500][876]LogModuleManager: Shutting down and abandoning module AndroidTargetPlatform (139)
[2022.02.03-10.07.09:502][876]LogModuleManager: Shutting down and abandoning module AllDesktopTargetPlatform (137)
[2022.02.03-10.07.09:502][876]LogModuleManager: Shutting down and abandoning module D3D11RHI (134)
[2022.02.03-10.07.09:502][876]LogModuleManager: Shutting down and abandoning module InputCore (132)
[2022.02.03-10.07.09:502][876]LogModuleManager: Shutting down and abandoning module Settings (130)
[2022.02.03-10.07.09:502][876]LogModuleManager: Shutting down and abandoning module DirectoryWatcher (128)
[2022.02.03-10.07.09:502][876]LogModuleManager: Shutting down and abandoning module PhysXCooking (126)
[2022.02.03-10.07.09:503][876]LogModuleManager: Shutting down and abandoning module Chaos (124)
[2022.02.03-10.07.09:503][876]LogModuleManager: Shutting down and abandoning module WindowsPlatformFeatures (122)
[2022.02.03-10.07.09:503][876]LogModuleManager: Shutting down and abandoning module GameplayMediaEncoder (121)
[2022.02.03-10.07.09:503][876]LogModuleManager: Shutting down and abandoning module AVEncoder (120)
[2022.02.03-10.07.09:503][876]LogModuleManager: Shutting down and abandoning module SteamVRInputDevice (116)
[2022.02.03-10.07.09:503][876]LogModuleManager: Shutting down and abandoning module SteamVRInput (114)
[2022.02.03-10.07.09:503][876]LogModuleManager: Shutting down and abandoning module SteamVR (112)
[2022.02.03-10.07.09:503][876]LogHMD: Freeing OpenVRDLLHandle.
[2022.02.03-10.07.09:503][876]LogModuleManager: Shutting down and abandoning module OculusHMD (110)
[2022.02.03-10.07.09:503][876]LogModuleManager: Shutting down and abandoning module OpenXREyeTracker (108)
[2022.02.03-10.07.09:503][876]LogModuleManager: Shutting down and abandoning module OpenXRHandTracking (106)
[2022.02.03-10.07.09:503][876]LogSlate: Slate User Destroyed.  User Index 0, Is Virtual User: 0
[2022.02.03-10.07.09:504][876]LogModuleManager: Shutting down and abandoning module OpenXRAR (104)
[2022.02.03-10.07.09:504][876]LogModuleManager: Shutting down and abandoning module AugmentedReality (103)
[2022.02.03-10.07.09:504][876]LogModuleManager: Shutting down and abandoning module OpenXRHMD (100)
[2022.02.03-10.07.09:504][876]LogModuleManager: Shutting down and abandoning module ExampleDeviceProfileSelector (98)
[2022.02.03-10.07.09:504][876]LogModuleManager: Shutting down and abandoning module ChunkDownloader (96)
[2022.02.03-10.07.09:504][876]LogModuleManager: Shutting down and abandoning module LauncherChunkInstaller (94)
[2022.02.03-10.07.09:504][876]LogModuleManager: Shutting down and abandoning module OnlineBlueprintSupport (92)
[2022.02.03-10.07.09:504][876]LogModuleManager: Shutting down and abandoning module OnlineSubsystem (88)
[2022.02.03-10.07.09:505][876]LogModuleManager: Shutting down and abandoning module XMPP (83)
[2022.02.03-10.07.09:505][876]LogModuleManager: Shutting down and abandoning module WebSockets (82)
[2022.02.03-10.07.09:537][876]LogModuleManager: Shutting down and abandoning module HTTP (79)
[2022.02.03-10.07.09:537][876]LogHttp: Display: Http module shutting down, but needs to wait on 1 outstanding Http requests:
[2022.02.03-10.07.09:537][876]LogHttp: Display: 	verb=[POST] url=[https://datarouter.ol.epicgames.com/datarouter/api/v1/public/data?SessionID=%7BE7E2CB66-491C-A5C7-ADCA-7591544E10AB%7D&AppID=UEEditor.Rocket.Release&AppVersion=4.27.2-18319896%2B%2B%2BUE4%2BRelease-4.27&UserID=e651f5ca4ee0e69fb194b6b69441f2d1%7Cfe0a303f6bc24f8285957052d874ed24%7Cfe09248a-97ef-429d-9b6f-5ac3fb62d21d&AppEnvironment=datacollector-binary&UploadType=eteventstream] refs=[1] status=Processing
[2022.02.03-10.07.09:537][876]LogHttp: Display: cleaning up 1 outstanding Http requests.
[2022.02.03-10.07.09:553][876]LogModuleManager: Shutting down and abandoning module SSL (78)
[2022.02.03-10.07.09:554][876]LogModuleManager: Shutting down and abandoning module WmfMedia (74)
[2022.02.03-10.07.09:556][876]LogModuleManager: Shutting down and abandoning module Media (73)
[2022.02.03-10.07.09:556][876]LogModuleManager: Shutting down and abandoning module MediaInfo (72)
[2022.02.03-10.07.09:557][876]LogModuleManager: Shutting down and abandoning module ExrReaderGpu (68)
[2022.02.03-10.07.09:557][876]LogModuleManager: Shutting down and abandoning module MLSDK (66)
[2022.02.03-10.07.09:557][876]LogModuleManager: Shutting down and abandoning module MagicLeap (64)
[2022.02.03-10.07.09:557][876]LogModuleManager: Shutting down and abandoning module ChaosCloth (62)
[2022.02.03-10.07.09:557][876]LogModuleManager: Shutting down and abandoning module PixWinPlugin (60)
[2022.02.03-10.07.09:557][876]LogModuleManager: Shutting down and abandoning module NiagaraVertexFactories (58)
[2022.02.03-10.07.09:557][876]LogModuleManager: Shutting down and abandoning module NiagaraShader (56)
[2022.02.03-10.07.09:557][876]LogModuleManager: Shutting down and abandoning module VariantManagerContent (54)
[2022.02.03-10.07.09:557][876]LogModuleManager: Shutting down and abandoning module DatasmithContent (52)
[2022.02.03-10.07.09:557][876]LogModuleManager: Shutting down and abandoning module AISupportModule (50)
[2022.02.03-10.07.09:557][876]LogModuleManager: Shutting down and abandoning module DesktopPlatform (48)
[2022.02.03-10.07.09:557][876]LogModuleManager: Shutting down and abandoning module PythonScriptPluginPreload (46)
[2022.02.03-10.07.09:557][876]LogModuleManager: Shutting down and abandoning module PlatformCryptoOpenSSL (44)
[2022.02.03-10.07.09:557][876]LogModuleManager: Shutting down and abandoning module PlatformCryptoTypes (42)
[2022.02.03-10.07.09:557][876]LogModuleManager: Shutting down and abandoning module PlatformCrypto (40)
[2022.02.03-10.07.09:557][876]LogModuleManager: Shutting down and abandoning module OodleDataCompressionFormat (38)
[2022.02.03-10.07.09:557][876]LogModuleManager: Shutting down and abandoning module XGEController (36)
[2022.02.03-10.07.09:557][876]LogModuleManager: Shutting down and abandoning module AnimationModifiers (34)
[2022.02.03-10.07.09:557][876]LogModuleManager: Shutting down and abandoning module AudioEditor (32)
[2022.02.03-10.07.09:557][876]LogModuleManager: Shutting down and abandoning module PropertyEditor (31)
[2022.02.03-10.07.09:557][876]LogModuleManager: Shutting down and abandoning module TextureCompressor (28)
[2022.02.03-10.07.09:557][876]LogModuleManager: Shutting down and abandoning module RenderCore (26)
[2022.02.03-10.07.09:557][876]LogModuleManager: Shutting down and abandoning module Landscape (24)
[2022.02.03-10.07.09:557][876]LogModuleManager: Shutting down and abandoning module SlateRHIRenderer (22)
[2022.02.03-10.07.09:558][876]LogModuleManager: Shutting down and abandoning module AnimGraphRuntime (20)
[2022.02.03-10.07.09:558][876]LogModuleManager: Shutting down and abandoning module Renderer (18)
[2022.02.03-10.07.09:558][876]LogModuleManager: Shutting down and abandoning module Engine (16)
[2022.02.03-10.07.09:558][876]LogModuleManager: Shutting down and abandoning module CoreUObject (14)
[2022.02.03-10.07.09:558][876]LogModuleManager: Shutting down and abandoning module NetworkFile (12)
[2022.02.03-10.07.09:558][876]LogModuleManager: Shutting down and abandoning module CookedIterativeFile (10)
[2022.02.03-10.07.09:558][876]LogModuleManager: Shutting down and abandoning module StreamingFile (8)
[2022.02.03-10.07.09:558][876]LogModuleManager: Shutting down and abandoning module SandboxFile (6)
[2022.02.03-10.07.09:558][876]LogModuleManager: Shutting down and abandoning module PakFile (4)
[2022.02.03-10.07.09:558][876]LogModuleManager: Shutting down and abandoning module RSA (3)
[2022.02.03-10.07.09:558][876]LogContentStreaming: Display: There are 1 unreleased StreamingManagers
[2022.02.03-10.07.09:581][876]LogD3D11RHI: Shutdown
[2022.02.03-10.07.09:581][876]LogD3D11RHI: CleanupD3DDevice
[2022.02.03-10.07.09:583][876]LogExit: Exiting.
[2022.02.03-10.07.09:586][876]Log file closed, 02/03/22 11:07:09
