Log file open, 02/03/22 11:07:07
LogWindows: Failed to load 'aqProf.dll' (GetLastError=126)
LogWindows: File 'aqProf.dll' does not exist
LogWindows: Failed to load 'VtuneApi.dll' (GetLastError=126)
LogWindows: File 'VtuneApi.dll' does not exist
LogWindows: Failed to load 'VtuneApi32e.dll' (GetLastError=126)
LogWindows: File 'VtuneApi32e.dll' does not exist
LogConsoleResponse: Display: Failed to find resolution value strings in scalability ini. Falling back to default.
LogConsoleResponse: Display: Failed to find resolution value strings in scalability ini. Falling back to default.
LogInit: Display: Running engine for game: BIMData
LogPlatformFile: Not using cached read wrapper
LogTaskGraph: Started task graph with 5 named threads and 47 total threads with 3 sets of task threads.
LogStats: Stats thread started at 0.241253
LogICUInternationalization: ICU TimeZone Detection - Raw Offset: +1:00, Platform Override: ''
LogInit: Display: Loading text-based GConfig....
LogPluginManager: Mounting plugin MegascansPlugin
LogPluginManager: Mounting plugin MeshPainting
LogPluginManager: Mounting plugin XGEController
LogPluginManager: Mounting plugin Paper2D
LogPluginManager: Mounting plugin LiveLink
LogPluginManager: Mounting plugin AISupport
LogPluginManager: Mounting plugin EnvironmentQueryEditor
LogPluginManager: Mounting plugin CameraShakePreviewer
LogPluginManager: Mounting plugin LightPropagationVolume
LogPluginManager: Mounting plugin GameplayCameras
LogPluginManager: Mounting plugin CodeLiteSourceCodeAccess
LogPluginManager: Mounting plugin CLionSourceCodeAccess
LogPluginManager: Mounting plugin GitSourceControl
LogPluginManager: Mounting plugin KDevelopSourceCodeAccess
LogPluginManager: Mounting plugin AnimationSharing
LogPluginManager: Mounting plugin NullSourceCodeAccess
LogPluginManager: Mounting plugin PerforceSourceControl
LogPluginManager: Mounting plugin AssetManagerEditor
LogPluginManager: Mounting plugin PixWinPlugin
LogPluginManager: Mounting plugin PlasticSourceControl
LogPluginManager: Mounting plugin CurveEditorTools
LogPluginManager: Mounting plugin PropertyAccessNode
LogPluginManager: Mounting plugin PluginUtils
LogPluginManager: Mounting plugin EditorScriptingUtilities
LogPluginManager: Mounting plugin RiderSourceCodeAccess
LogPluginManager: Mounting plugin DataValidation
LogPluginManager: Mounting plugin CryptoKeys
LogPluginManager: Mounting plugin SubversionSourceControl
LogPluginManager: Mounting plugin FacialAnimation
LogPluginManager: Mounting plugin GameplayTagsEditor
LogPluginManager: Mounting plugin TextureFormatOodle
LogPluginManager: Mounting plugin GeometryMode
LogPluginManager: Mounting plugin UObjectPlugin
LogPluginManager: Mounting plugin GLTFImporter
LogPluginManager: Mounting plugin MacGraphicsSwitching
LogPluginManager: Mounting plugin MeshEditor
LogPluginManager: Mounting plugin MaterialAnalyzer
LogPluginManager: Mounting plugin MobileLauncherProfileWizard
LogPluginManager: Mounting plugin PluginBrowser
LogPluginManager: Mounting plugin SpeedTreeImporter
LogPluginManager: Mounting plugin DataprepEditor
LogPluginManager: Mounting plugin VisualStudioSourceCodeAccess
LogPluginManager: Mounting plugin VisualStudioCodeSourceCodeAccess
LogPluginManager: Mounting plugin DatasmithC4DImporter
LogPluginManager: Mounting plugin DatasmithCADImporter
LogPluginManager: Mounting plugin DatasmithContent
LogPluginManager: Mounting plugin DatasmithFBXImporter
LogPluginManager: Mounting plugin DatasmithGLTFImporter
LogPluginManager: Mounting plugin DatasmithIFCImporter
LogPluginManager: Mounting plugin DatasmithImporter
LogPluginManager: Mounting plugin VariantManager
LogPluginManager: Mounting plugin VariantManagerContent
LogPluginManager: Mounting plugin StaticMeshEditorExtension
LogPluginManager: Mounting plugin OodleData
LogPluginManager: Mounting plugin OodleNetwork
LogPluginManager: Mounting plugin XCodeSourceCodeAccess
LogPluginManager: Mounting plugin Niagara
LogPluginManager: Mounting plugin AlembicImporter
LogPluginManager: Mounting plugin BackChannel
LogPluginManager: Mounting plugin BlastPlugin
LogPluginManager: Mounting plugin AutomationUtils
LogPluginManager: Mounting plugin ChaosCloth
LogPluginManager: Mounting plugin ChaosClothEditor
LogPluginManager: Mounting plugin ChaosEditor
LogPluginManager: Mounting plugin ChaosNiagara
LogPluginManager: Mounting plugin ChaosSolverPlugin
LogPluginManager: Mounting plugin CharacterAI
LogPluginManager: Mounting plugin GeometryCache
LogPluginManager: Mounting plugin GeometryCollectionPlugin
LogPluginManager: Mounting plugin GeometryProcessing
LogPluginManager: Mounting plugin MotoSynth
LogPluginManager: Mounting plugin OpenImageDenoise
LogPluginManager: Mounting plugin PlanarCut
LogPluginManager: Mounting plugin ProxyLODPlugin
LogPluginManager: Mounting plugin PlatformCrypto
LogPluginManager: Mounting plugin PythonScriptPlugin
LogPluginManager: Mounting plugin SkeletalReduction
LogPluginManager: Mounting plugin LuminPlatformFeatures
LogPluginManager: Mounting plugin MagicLeap
LogPluginManager: Mounting plugin MagicLeapLightEstimation
LogPluginManager: Mounting plugin MagicLeapMedia
LogPluginManager: Mounting plugin MagicLeapPassableWorld
LogPluginManager: Mounting plugin MLSDK
LogPluginManager: Mounting plugin AndroidMedia
LogPluginManager: Mounting plugin AvfMedia
LogPluginManager: Mounting plugin ImgMedia
LogPluginManager: Mounting plugin MediaCompositing
LogPluginManager: Mounting plugin MediaPlayerEditor
LogPluginManager: Mounting plugin WmfMedia
LogPluginManager: Mounting plugin WebMMedia
LogPluginManager: Mounting plugin ActorSequence
LogPluginManager: Mounting plugin MatineeToLevelSequence
LogPluginManager: Mounting plugin LevelSequenceEditor
LogPluginManager: Mounting plugin TcpMessaging
LogPluginManager: Mounting plugin TemplateSequence
LogPluginManager: Mounting plugin UdpMessaging
LogPluginManager: Mounting plugin OnlineSubsystem
LogPluginManager: Mounting plugin OnlineSubsystemNull
LogPluginManager: Mounting plugin OnlineSubsystemUtils
LogPluginManager: Mounting plugin LauncherChunkInstaller
LogPluginManager: Mounting plugin ActorLayerUtilities
LogPluginManager: Mounting plugin AndroidDeviceProfileSelector
LogPluginManager: Mounting plugin AndroidMoviePlayer
LogPluginManager: Mounting plugin AndroidPermission
LogPluginManager: Mounting plugin AppleImageUtils
LogPluginManager: Mounting plugin AppleMoviePlayer
LogPluginManager: Mounting plugin ArchVisCharacter
LogPluginManager: Mounting plugin AssetTags
LogPluginManager: Mounting plugin AudioCapture
LogPluginManager: Mounting plugin AudioSynesthesia
LogPluginManager: Mounting plugin CableComponent
LogPluginManager: Mounting plugin ChunkDownloader
LogPluginManager: Mounting plugin CustomMeshComponent
LogPluginManager: Mounting plugin EditableMesh
LogPluginManager: Mounting plugin ExampleDeviceProfileSelector
LogPluginManager: Mounting plugin GoogleCloudMessaging
LogPluginManager: Mounting plugin GooglePAD
LogPluginManager: Mounting plugin IOSDeviceProfileSelector
LogPluginManager: Mounting plugin ScreenshotTools
LogPluginManager: Mounting plugin LinuxDeviceProfileSelector
LogPluginManager: Mounting plugin LocationServicesBPLibrary
LogPluginManager: Mounting plugin MobilePatchingUtils
LogPluginManager: Mounting plugin OpenXR
LogPluginManager: Mounting plugin OpenXREyeTracker
LogPluginManager: Mounting plugin OpenXRHandTracking
LogPluginManager: Mounting plugin PhysXVehicles
LogPluginManager: Mounting plugin PostSplashScreen
LogPluginManager: Mounting plugin ProceduralMeshComponent
LogPluginManager: Mounting plugin PropertyAccessEditor
LogPluginManager: Mounting plugin RuntimePhysXCooking
LogPluginManager: Mounting plugin SignificanceManager
LogPluginManager: Mounting plugin SoundFields
LogPluginManager: Mounting plugin Synthesis
LogPluginManager: Mounting plugin WindowsMoviePlayer
LogPluginManager: Mounting plugin WebMMoviePlayer
LogPluginManager: Mounting plugin Takes
LogPluginManager: Mounting plugin ContentBrowserAssetDataSource
LogPluginManager: Mounting plugin ContentBrowserFileDataSource
LogPluginManager: Mounting plugin ContentBrowserClassDataSource
LogPluginManager: Mounting plugin DatasmithRuntime
LogPluginManager: Mounting plugin OnlineSubsystemGooglePlay
LogPluginManager: Mounting plugin OnlineSubsystemIOS
LogPluginManager: Mounting plugin DatabaseSupport
LogPluginManager: Mounting plugin SQLiteSupport
LogPluginManager: Mounting plugin SQLiteCore
LogPluginManager: Mounting plugin OculusVR
LogPluginManager: Mounting plugin SteamVR
PixWinPlugin: PIX capture plugin failed to initialize! Check that the process is launched from PIX.
LogInit: Using libcurl 7.55.1-DEV
LogInit:  - built for x86_64-pc-win32
LogInit:  - supports SSL with OpenSSL/1.1.1
LogInit:  - supports HTTP deflate (compression) using libz 1.2.8
LogInit:  - other features:
LogInit:      CURL_VERSION_SSL
LogInit:      CURL_VERSION_LIBZ
LogInit:      CURL_VERSION_IPV6
LogInit:      CURL_VERSION_ASYNCHDNS
LogInit:      CURL_VERSION_LARGEFILE
LogInit:      CURL_VERSION_IDN
LogInit:  CurlRequestOptions (configurable via config and command line):
LogInit:  - bVerifyPeer = true  - Libcurl will verify peer certificate
LogInit:  - bUseHttpProxy = false  - Libcurl will NOT use HTTP proxy
LogInit:  - bDontReuseConnections = false  - Libcurl will reuse connections
LogInit:  - MaxHostConnections = 16  - Libcurl will limit the number of connections to a host
LogInit:  - LocalHostAddr = Default
LogInit:  - BufferSize = 65536
LogOnline: OSS: Creating online subsystem instance for: NULL
LogInit: WinSock: version 1.1 (2.2), MaxSocks=32767, MaxUdp=65467
LogOnline: OSS: TryLoadSubsystemAndSetDefault: Loaded subsystem for module [NULL]
LogOculusPluginWrapper: OculusPlugin initialized successfully
LogHMD: Failed initializing OVRPlugin 1.59.0
LogInit: Build: ++UE4+Release-4.27-CL-18319896
LogInit: Engine Version: 4.27.2-18319896+++UE4+Release-4.27
LogInit: Compatible Engine Version: 4.27.0-17155196+++UE4+Release-4.27
LogInit: Net CL: 17155196
LogInit: OS: Windows 10 (Release 2009) (), CPU: Intel(R) Core(TM) i7-10870H CPU @ 2.20GHz, GPU: Intel(R) UHD Graphics
LogInit: Compiled (64-bit): Nov 30 2021 07:12:08
LogInit: Compiled with Visual C++: 19.24.28315.00
LogInit: Build Configuration: Development
LogInit: Branch Name: ++UE4+Release-4.27
LogInit: Command Line:  -EpicPortal -epicusername=ahmed.a.ibrahim -epicuserid=fe0a303f6bc24f8285957052d874ed24 -epiclocale=en -epicsandboxid=ue
LogInit: Base Directory: C:/Program Files/Epic Games/UE_4.27/Engine/Binaries/Win64/
LogInit: Allocator: TBB
LogInit: Installed Engine Build: 1
LogDevObjectVersion: Number of dev versions registered: 29
LogDevObjectVersion:   Dev-Blueprints (B0D832E4-1F89-4F0D-ACCF-7EB736FD4AA2): 10
LogDevObjectVersion:   Dev-Build (E1C64328-A22C-4D53-A36C-8E866417BD8C): 0
LogDevObjectVersion:   Dev-Core (375EC13C-06E4-48FB-B500-84F0262A717E): 4
LogDevObjectVersion:   Dev-Editor (E4B068ED-F494-42E9-A231-DA0B2E46BB41): 40
LogDevObjectVersion:   Dev-Framework (CFFC743F-43B0-4480-9391-14DF171D2073): 37
LogDevObjectVersion:   Dev-Mobile (B02B49B5-BB20-44E9-A304-32B752E40360): 3
LogDevObjectVersion:   Dev-Networking (A4E4105C-59A1-49B5-A7C5-40C4547EDFEE): 0
LogDevObjectVersion:   Dev-Online (39C831C9-5AE6-47DC-9A44-9C173E1C8E7C): 0
LogDevObjectVersion:   Dev-Physics (78F01B33-EBEA-4F98-B9B4-84EACCB95AA2): 14
LogDevObjectVersion:   Dev-Platform (6631380F-2D4D-43E0-8009-CF276956A95A): 0
LogDevObjectVersion:   Dev-Rendering (12F88B9F-8875-4AFC-A67C-D90C383ABD29): 45
LogDevObjectVersion:   Dev-Sequencer (7B5AE74C-D270-4C10-A958-57980B212A5A): 13
LogDevObjectVersion:   Dev-VR (D7296918-1DD6-4BDD-9DE2-64A83CC13884): 3
LogDevObjectVersion:   Dev-LoadTimes (C2A15278-BFE7-4AFE-6C17-90FF531DF755): 1
LogDevObjectVersion:   Private-Geometry (6EACA3D4-40EC-4CC1-B786-8BED09428FC5): 3
LogDevObjectVersion:   Dev-AnimPhys (29E575DD-E0A3-4627-9D10-D276232CDCEA): 17
LogDevObjectVersion:   Dev-Anim (AF43A65D-7FD3-4947-9873-3E8ED9C1BB05): 15
LogDevObjectVersion:   Dev-ReflectionCapture (6B266CEC-1EC7-4B8F-A30B-E4D90942FC07): 1
LogDevObjectVersion:   Dev-Automation (0DF73D61-A23F-47EA-B727-89E90C41499A): 1
LogDevObjectVersion:   FortniteMain (601D1886-AC64-4F84-AA16-D3DE0DEAC7D6): 47
LogDevObjectVersion:   FortniteRelease (E7086368-6B23-4C58-8439-1B7016265E91): 1
LogDevObjectVersion:   Dev-Enterprise (9DFFBCD6-494F-0158-E221-12823C92A888): 10
LogDevObjectVersion:   Dev-Niagara (F2AED0AC-9AFE-416F-8664-AA7FFA26D6FC): 1
LogDevObjectVersion:   Dev-Destruction (174F1F0B-B4C6-45A5-B13F-2EE8D0FB917D): 10
LogDevObjectVersion:   Dev-Physics-Ext (35F94A83-E258-406C-A318-09F59610247C): 41
LogDevObjectVersion:   Dev-PhysicsMaterial-Chaos (B68FC16E-8B1B-42E2-B453-215C058844FE): 1
LogDevObjectVersion:   Dev-CineCamera (B2E18506-4273-CFC2-A54E-F4BB758BBA07): 1
LogDevObjectVersion:   Dev-VirtualProduction (64F58936-FD1B-42BA-BA96-7289D5D0FA4E): 1
LogDevObjectVersion:   Dev-MediaFramework (6F0ED827-A609-4895-9C91-998D90180EA4): 2
LogInit: Presizing for max 25165824 objects, including 0 objects not considered by GC, pre-allocating 0 bytes for permanent pool.
LogConfig: Applying CVar settings from Section [/Script/Engine.StreamingSettings] File [C:/Users/ahmed/Documents/GitHub/VR-Room/BIMData/Saved/Config/Windows/Engine.ini]
LogConfig: Setting CVar [[s.MinBulkDataSizeForAsyncLoading:131072]]
LogConfig: Setting CVar [[s.AsyncLoadingThreadEnabled:0]]
LogConfig: Setting CVar [[s.EventDrivenLoaderEnabled:1]]
LogConfig: Setting CVar [[s.WarnIfTimeLimitExceeded:0]]
LogConfig: Setting CVar [[s.TimeLimitExceededMultiplier:1.5]]
LogConfig: Setting CVar [[s.TimeLimitExceededMinTime:0.005]]
LogConfig: Setting CVar [[s.UseBackgroundLevelStreaming:1]]
LogConfig: Setting CVar [[s.PriorityAsyncLoadingExtraTime:15.0]]
LogConfig: Setting CVar [[s.LevelStreamingActorsUpdateTimeLimit:5.0]]
LogConfig: Setting CVar [[s.PriorityLevelStreamingActorsUpdateExtraTime:5.0]]
LogConfig: Setting CVar [[s.LevelStreamingComponentsRegistrationGranularity:10]]
LogConfig: Setting CVar [[s.UnregisterComponentsTimeLimit:1.0]]
LogConfig: Setting CVar [[s.LevelStreamingComponentsUnregistrationGranularity:5]]
LogConfig: Setting CVar [[s.FlushStreamingOnExit:1]]
LogInit: Object subsystem initialized
LogConfig: Setting CVar [[con.DebugEarlyDefault:1]]
LogConfig: Setting CVar [[r.setres:1280x720]]
[2022.02.03-10.07.07:874][  0]LogConfig: Setting CVar [[r.VSync:0]]
[2022.02.03-10.07.07:874][  0]LogConfig: Setting CVar [[r.RHICmdBypass:0]]
[2022.02.03-10.07.07:874][  0]LogConfig: Applying CVar settings from Section [/Script/Engine.RendererSettings] File [C:/Users/ahmed/Documents/GitHub/VR-Room/BIMData/Saved/Config/Windows/Engine.ini]
[2022.02.03-10.07.07:874][  0]LogConfig: Setting CVar [[r.GPUCrashDebugging:0]]
[2022.02.03-10.07.07:874][  0]LogConfig: Applying CVar settings from Section [/Script/Engine.RendererOverrideSettings] File [C:/Users/ahmed/Documents/GitHub/VR-Room/BIMData/Saved/Config/Windows/Engine.ini]
[2022.02.03-10.07.07:874][  0]LogConfig: Applying CVar settings from Section [/Script/Engine.StreamingSettings] File [C:/Users/ahmed/Documents/GitHub/VR-Room/BIMData/Saved/Config/Windows/Engine.ini]
[2022.02.03-10.07.07:874][  0]LogConfig: Setting CVar [[s.MinBulkDataSizeForAsyncLoading:131072]]
[2022.02.03-10.07.07:874][  0]LogConfig: Setting CVar [[s.AsyncLoadingThreadEnabled:0]]
[2022.02.03-10.07.07:874][  0]LogConfig: Setting CVar [[s.EventDrivenLoaderEnabled:1]]
[2022.02.03-10.07.07:874][  0]LogConfig: Setting CVar [[s.WarnIfTimeLimitExceeded:0]]
[2022.02.03-10.07.07:874][  0]LogConfig: Setting CVar [[s.TimeLimitExceededMultiplier:1.5]]
[2022.02.03-10.07.07:874][  0]LogConfig: Setting CVar [[s.TimeLimitExceededMinTime:0.005]]
[2022.02.03-10.07.07:874][  0]LogConfig: Setting CVar [[s.UseBackgroundLevelStreaming:1]]
[2022.02.03-10.07.07:874][  0]LogConfig: Setting CVar [[s.PriorityAsyncLoadingExtraTime:15.0]]
[2022.02.03-10.07.07:874][  0]LogConfig: Setting CVar [[s.LevelStreamingActorsUpdateTimeLimit:5.0]]
[2022.02.03-10.07.07:874][  0]LogConfig: Setting CVar [[s.PriorityLevelStreamingActorsUpdateExtraTime:5.0]]
[2022.02.03-10.07.07:874][  0]LogConfig: Setting CVar [[s.LevelStreamingComponentsRegistrationGranularity:10]]
[2022.02.03-10.07.07:874][  0]LogConfig: Setting CVar [[s.UnregisterComponentsTimeLimit:1.0]]
[2022.02.03-10.07.07:874][  0]LogConfig: Setting CVar [[s.LevelStreamingComponentsUnregistrationGranularity:5]]
[2022.02.03-10.07.07:874][  0]LogConfig: Setting CVar [[s.FlushStreamingOnExit:1]]
[2022.02.03-10.07.07:874][  0]LogConfig: Applying CVar settings from Section [/Script/Engine.GarbageCollectionSettings] File [C:/Users/ahmed/Documents/GitHub/VR-Room/BIMData/Saved/Config/Windows/Engine.ini]
[2022.02.03-10.07.07:874][  0]LogConfig: Setting CVar [[gc.MaxObjectsNotConsideredByGC:1]]
[2022.02.03-10.07.07:874][  0]LogConfig: Setting CVar [[gc.SizeOfPermanentObjectPool:0]]
[2022.02.03-10.07.07:874][  0]LogConfig: Setting CVar [[gc.FlushStreamingOnGC:0]]
[2022.02.03-10.07.07:874][  0]LogConfig: Setting CVar [[gc.NumRetriesBeforeForcingGC:10]]
[2022.02.03-10.07.07:874][  0]LogConfig: Setting CVar [[gc.AllowParallelGC:1]]
[2022.02.03-10.07.07:874][  0]LogConfig: Setting CVar [[gc.TimeBetweenPurgingPendingKillObjects:61.1]]
[2022.02.03-10.07.07:874][  0]LogConfig: Setting CVar [[gc.MaxObjectsInEditor:25165824]]
[2022.02.03-10.07.07:874][  0]LogConfig: Setting CVar [[gc.IncrementalBeginDestroyEnabled:1]]
[2022.02.03-10.07.07:874][  0]LogConfig: Setting CVar [[gc.CreateGCClusters:1]]
[2022.02.03-10.07.07:874][  0]LogConfig: Setting CVar [[gc.MinGCClusterSize:5]]
[2022.02.03-10.07.07:874][  0]LogConfig: Setting CVar [[gc.ActorClusteringEnabled:0]]
[2022.02.03-10.07.07:874][  0]LogConfig: Setting CVar [[gc.BlueprintClusteringEnabled:0]]
[2022.02.03-10.07.07:874][  0]LogConfig: Setting CVar [[gc.UseDisregardForGCOnDedicatedServers:0]]
[2022.02.03-10.07.07:874][  0]LogConfig: Setting CVar [[gc.MultithreadedDestructionEnabled:1]]
[2022.02.03-10.07.07:874][  0]LogConfig: Applying CVar settings from Section [/Script/Engine.NetworkSettings] File [C:/Users/ahmed/Documents/GitHub/VR-Room/BIMData/Saved/Config/Windows/Engine.ini]
[2022.02.03-10.07.07:874][  0]LogConfig: Applying CVar settings from Section [/Script/UnrealEd.CookerSettings] File [C:/Users/ahmed/Documents/GitHub/VR-Room/BIMData/Saved/Config/Windows/Engine.ini]
[2022.02.03-10.07.07:879][  0]LogConfig: Applying CVar settings from Section [ViewDistanceQuality@3] File [C:/Users/ahmed/Documents/GitHub/VR-Room/BIMData/Saved/Config/Windows/Scalability.ini]
[2022.02.03-10.07.07:879][  0]LogConfig: Setting CVar [[r.SkeletalMeshLODBias:0]]
[2022.02.03-10.07.07:879][  0]LogConfig: Setting CVar [[r.ViewDistanceScale:1.0]]
[2022.02.03-10.07.07:879][  0]LogConfig: Applying CVar settings from Section [AntiAliasingQuality@3] File [C:/Users/ahmed/Documents/GitHub/VR-Room/BIMData/Saved/Config/Windows/Scalability.ini]
[2022.02.03-10.07.07:879][  0]LogConfig: Setting CVar [[r.PostProcessAAQuality:4]]
[2022.02.03-10.07.07:879][  0]LogConfig: Applying CVar settings from Section [ShadowQuality@3] File [C:/Users/ahmed/Documents/GitHub/VR-Room/BIMData/Saved/Config/Windows/Scalability.ini]
[2022.02.03-10.07.07:879][  0]LogConfig: Setting CVar [[r.LightFunctionQuality:1]]
[2022.02.03-10.07.07:879][  0]LogConfig: Setting CVar [[r.ShadowQuality:5]]
[2022.02.03-10.07.07:879][  0]LogConfig: Setting CVar [[r.Shadow.CSM.MaxCascades:10]]
[2022.02.03-10.07.07:879][  0]LogConfig: Setting CVar [[r.Shadow.MaxResolution:2048]]
[2022.02.03-10.07.07:879][  0]LogConfig: Setting CVar [[r.Shadow.MaxCSMResolution:2048]]
[2022.02.03-10.07.07:879][  0]LogConfig: Setting CVar [[r.Shadow.RadiusThreshold:0.01]]
[2022.02.03-10.07.07:879][  0]LogConfig: Setting CVar [[r.Shadow.DistanceScale:1.0]]
[2022.02.03-10.07.07:879][  0]LogConfig: Setting CVar [[r.Shadow.CSM.TransitionScale:1.0]]
[2022.02.03-10.07.07:879][  0]LogConfig: Setting CVar [[r.Shadow.PreShadowResolutionFactor:1.0]]
[2022.02.03-10.07.07:879][  0]LogConfig: Setting CVar [[r.DistanceFieldShadowing:1]]
[2022.02.03-10.07.07:879][  0]LogConfig: Setting CVar [[r.DistanceFieldAO:1]]
[2022.02.03-10.07.07:879][  0]LogConfig: Setting CVar [[r.AOQuality:2]]
[2022.02.03-10.07.07:879][  0]LogConfig: Setting CVar [[r.VolumetricFog:1]]
[2022.02.03-10.07.07:879][  0]LogConfig: Setting CVar [[r.VolumetricFog.GridPixelSize:8]]
[2022.02.03-10.07.07:879][  0]LogConfig: Setting CVar [[r.VolumetricFog.GridSizeZ:128]]
[2022.02.03-10.07.07:879][  0]LogConfig: Setting CVar [[r.VolumetricFog.HistoryMissSupersampleCount:4]]
[2022.02.03-10.07.07:879][  0]LogConfig: Setting CVar [[r.LightMaxDrawDistanceScale:1]]
[2022.02.03-10.07.07:879][  0]LogConfig: Setting CVar [[r.CapsuleShadows:1]]
[2022.02.03-10.07.07:879][  0]LogConfig: Applying CVar settings from Section [PostProcessQuality@3] File [C:/Users/ahmed/Documents/GitHub/VR-Room/BIMData/Saved/Config/Windows/Scalability.ini]
[2022.02.03-10.07.07:879][  0]LogConfig: Setting CVar [[r.MotionBlurQuality:4]]
[2022.02.03-10.07.07:879][  0]LogConfig: Setting CVar [[r.AmbientOcclusionMipLevelFactor:0.4]]
[2022.02.03-10.07.07:879][  0]LogConfig: Setting CVar [[r.AmbientOcclusionMaxQuality:100]]
[2022.02.03-10.07.07:879][  0]LogConfig: Setting CVar [[r.AmbientOcclusionLevels:-1]]
[2022.02.03-10.07.07:879][  0]LogConfig: Setting CVar [[r.AmbientOcclusionRadiusScale:1.0]]
[2022.02.03-10.07.07:879][  0]LogConfig: Setting CVar [[r.DepthOfFieldQuality:2]]
[2022.02.03-10.07.07:879][  0]LogConfig: Setting CVar [[r.RenderTargetPoolMin:400]]
[2022.02.03-10.07.07:879][  0]LogConfig: Setting CVar [[r.LensFlareQuality:2]]
[2022.02.03-10.07.07:879][  0]LogConfig: Setting CVar [[r.SceneColorFringeQuality:1]]
[2022.02.03-10.07.07:879][  0]LogConfig: Setting CVar [[r.EyeAdaptationQuality:2]]
[2022.02.03-10.07.07:879][  0]LogConfig: Setting CVar [[r.BloomQuality:5]]
[2022.02.03-10.07.07:879][  0]LogConfig: Setting CVar [[r.FastBlurThreshold:100]]
[2022.02.03-10.07.07:879][  0]LogConfig: Setting CVar [[r.Upscale.Quality:3]]
[2022.02.03-10.07.07:879][  0]LogConfig: Setting CVar [[r.Tonemapper.GrainQuantization:1]]
[2022.02.03-10.07.07:879][  0]LogConfig: Setting CVar [[r.LightShaftQuality:1]]
[2022.02.03-10.07.07:879][  0]LogConfig: Setting CVar [[r.Filter.SizeScale:1]]
[2022.02.03-10.07.07:879][  0]LogConfig: Setting CVar [[r.Tonemapper.Quality:5]]
[2022.02.03-10.07.07:879][  0]LogConfig: Setting CVar [[r.DOF.Gather.AccumulatorQuality:1        ; higher gathering accumulator quality]]
[2022.02.03-10.07.07:879][  0]LogConfig: Setting CVar [[r.DOF.Gather.PostfilterMethod:1          ; Median3x3 postfilering method]]
[2022.02.03-10.07.07:880][  0]LogConfig: Setting CVar [[r.DOF.Gather.EnableBokehSettings:0       ; no bokeh simulation when gathering]]
[2022.02.03-10.07.07:880][  0]LogConfig: Setting CVar [[r.DOF.Gather.RingCount:4                 ; medium number of samples when gathering]]
[2022.02.03-10.07.07:880][  0]LogConfig: Setting CVar [[r.DOF.Scatter.ForegroundCompositing:1    ; additive foreground scattering]]
[2022.02.03-10.07.07:880][  0]LogConfig: Setting CVar [[r.DOF.Scatter.BackgroundCompositing:2    ; additive background scattering]]
[2022.02.03-10.07.07:880][  0]LogConfig: Setting CVar [[r.DOF.Scatter.EnableBokehSettings:1      ; bokeh simulation when scattering]]
[2022.02.03-10.07.07:880][  0]LogConfig: Setting CVar [[r.DOF.Scatter.MaxSpriteRatio:0.1         ; only a maximum of 10% of scattered bokeh]]
[2022.02.03-10.07.07:880][  0]LogConfig: Setting CVar [[r.DOF.Recombine.Quality:1                ; cheap slight out of focus]]
[2022.02.03-10.07.07:880][  0]LogConfig: Setting CVar [[r.DOF.Recombine.EnableBokehSettings:0    ; no bokeh simulation on slight out of focus]]
[2022.02.03-10.07.07:880][  0]LogConfig: Setting CVar [[r.DOF.TemporalAAQuality:1                ; more stable temporal accumulation]]
[2022.02.03-10.07.07:880][  0]LogConfig: Setting CVar [[r.DOF.Kernel.MaxForegroundRadius:0.025]]
[2022.02.03-10.07.07:880][  0]LogConfig: Setting CVar [[r.DOF.Kernel.MaxBackgroundRadius:0.025]]
[2022.02.03-10.07.07:880][  0]LogConfig: Applying CVar settings from Section [TextureQuality@3] File [C:/Users/ahmed/Documents/GitHub/VR-Room/BIMData/Saved/Config/Windows/Scalability.ini]
[2022.02.03-10.07.07:880][  0]LogConfig: Setting CVar [[r.Streaming.MipBias:0]]
[2022.02.03-10.07.07:880][  0]LogConfig: Setting CVar [[r.Streaming.AmortizeCPUToGPUCopy:0]]
[2022.02.03-10.07.07:880][  0]LogConfig: Setting CVar [[r.Streaming.MaxNumTexturesToStreamPerFrame:0]]
[2022.02.03-10.07.07:880][  0]LogConfig: Setting CVar [[r.Streaming.Boost:1]]
[2022.02.03-10.07.07:880][  0]LogConfig: Setting CVar [[r.MaxAnisotropy:8]]
[2022.02.03-10.07.07:880][  0]LogConfig: Setting CVar [[r.VT.MaxAnisotropy:8]]
[2022.02.03-10.07.07:880][  0]LogConfig: Setting CVar [[r.Streaming.LimitPoolSizeToVRAM:0]]
[2022.02.03-10.07.07:880][  0]LogConfig: Setting CVar [[r.Streaming.PoolSize:1000]]
[2022.02.03-10.07.07:880][  0]LogConfig: Setting CVar [[r.Streaming.MaxEffectiveScreenSize:0]]
[2022.02.03-10.07.07:880][  0]LogConfig: Applying CVar settings from Section [EffectsQuality@3] File [C:/Users/ahmed/Documents/GitHub/VR-Room/BIMData/Saved/Config/Windows/Scalability.ini]
[2022.02.03-10.07.07:880][  0]LogConfig: Setting CVar [[r.TranslucencyLightingVolumeDim:64]]
[2022.02.03-10.07.07:880][  0]LogConfig: Setting CVar [[r.RefractionQuality:2]]
[2022.02.03-10.07.07:880][  0]LogConfig: Setting CVar [[r.SSR.Quality:3]]
[2022.02.03-10.07.07:880][  0]LogConfig: Setting CVar [[r.SSR.HalfResSceneColor:0]]
[2022.02.03-10.07.07:880][  0]LogConfig: Setting CVar [[r.SceneColorFormat:4]]
[2022.02.03-10.07.07:880][  0]LogConfig: Setting CVar [[r.DetailMode:2]]
[2022.02.03-10.07.07:880][  0]LogConfig: Setting CVar [[r.TranslucencyVolumeBlur:1]]
[2022.02.03-10.07.07:880][  0]LogConfig: Setting CVar [[r.MaterialQualityLevel:1 ; High quality]]
[2022.02.03-10.07.07:880][  0]LogConfig: Setting CVar [[r.AnisotropicMaterials:1]]
[2022.02.03-10.07.07:880][  0]LogConfig: Setting CVar [[r.SSS.Scale:1]]
[2022.02.03-10.07.07:880][  0]LogConfig: Setting CVar [[r.SSS.SampleSet:2]]
[2022.02.03-10.07.07:880][  0]LogConfig: Setting CVar [[r.SSS.Quality:1]]
[2022.02.03-10.07.07:880][  0]LogConfig: Setting CVar [[r.SSS.HalfRes:0]]
[2022.02.03-10.07.07:880][  0]LogConfig: Setting CVar [[r.SSGI.Quality:3]]
[2022.02.03-10.07.07:880][  0]LogConfig: Setting CVar [[r.EmitterSpawnRateScale:1.0]]
[2022.02.03-10.07.07:880][  0]LogConfig: Setting CVar [[r.ParticleLightQuality:2]]
[2022.02.03-10.07.07:880][  0]LogConfig: Setting CVar [[r.SkyAtmosphere.AerialPerspectiveLUT.FastApplyOnOpaque:1 ; Always have FastSkyLUT 1 in this case to avoid wrong sky]]
[2022.02.03-10.07.07:880][  0]LogConfig: Setting CVar [[r.SkyAtmosphere.AerialPerspectiveLUT.SampleCountMaxPerSlice:4]]
[2022.02.03-10.07.07:880][  0]LogConfig: Setting CVar [[r.SkyAtmosphere.AerialPerspectiveLUT.DepthResolution:16.0]]
[2022.02.03-10.07.07:880][  0]LogConfig: Setting CVar [[r.SkyAtmosphere.FastSkyLUT:1]]
[2022.02.03-10.07.07:880][  0]LogConfig: Setting CVar [[r.SkyAtmosphere.FastSkyLUT.SampleCountMin:4.0]]
[2022.02.03-10.07.07:880][  0]LogConfig: Setting CVar [[r.SkyAtmosphere.FastSkyLUT.SampleCountMax:128.0]]
[2022.02.03-10.07.07:880][  0]LogConfig: Setting CVar [[r.SkyAtmosphere.SampleCountMin:4.0]]
[2022.02.03-10.07.07:880][  0]LogConfig: Setting CVar [[r.SkyAtmosphere.SampleCountMax:128.0]]
[2022.02.03-10.07.07:880][  0]LogConfig: Setting CVar [[r.SkyAtmosphere.TransmittanceLUT.UseSmallFormat:0]]
[2022.02.03-10.07.07:880][  0]LogConfig: Setting CVar [[r.SkyAtmosphere.TransmittanceLUT.SampleCount:10.0]]
[2022.02.03-10.07.07:880][  0]LogConfig: Setting CVar [[r.SkyAtmosphere.MultiScatteringLUT.SampleCount:15.0]]
[2022.02.03-10.07.07:880][  0]LogConfig: Setting CVar [[r.SkyLight.RealTimeReflectionCapture:1]]
[2022.02.03-10.07.07:880][  0]LogConfig: Applying CVar settings from Section [FoliageQuality@3] File [C:/Users/ahmed/Documents/GitHub/VR-Room/BIMData/Saved/Config/Windows/Scalability.ini]
[2022.02.03-10.07.07:880][  0]LogConfig: Setting CVar [[foliage.DensityScale:1.0]]
[2022.02.03-10.07.07:880][  0]LogConfig: Setting CVar [[grass.DensityScale:1.0]]
[2022.02.03-10.07.07:880][  0]LogConfig: Applying CVar settings from Section [ShadingQuality@3] File [C:/Users/ahmed/Documents/GitHub/VR-Room/BIMData/Saved/Config/Windows/Scalability.ini]
[2022.02.03-10.07.07:880][  0]LogConfig: Setting CVar [[r.HairStrands.SkyLighting.IntegrationType:2]]
[2022.02.03-10.07.07:880][  0]LogConfig: Setting CVar [[r.HairStrands.SkyAO.SampleCount:4]]
[2022.02.03-10.07.07:880][  0]LogConfig: Setting CVar [[r.HairStrands.Visibility.MSAA.SamplePerPixel:4]]
[2022.02.03-10.07.07:881][  0]LogInit: Selected Device Profile: [Windows]
[2022.02.03-10.07.07:881][  0]LogInit: Applying CVar settings loaded from the selected device profile: [Windows]
[2022.02.03-10.07.07:881][  0]LogHAL: Display: Platform has ~ 32 GB [34226233344 / 34359738368 / 32], which maps to Largest [LargestMinGB=32, LargerMinGB=12, DefaultMinGB=8, SmallerMinGB=6, SmallestMinGB=0)
[2022.02.03-10.07.07:881][  0]LogInit: Going up to parent DeviceProfile []
[2022.02.03-10.07.07:881][  0]LogConfig: Applying CVar settings from Section [ViewDistanceQuality@3] File [C:/Users/ahmed/Documents/GitHub/VR-Room/BIMData/Saved/Config/Windows/Scalability.ini]
[2022.02.03-10.07.07:881][  0]LogConfig: Setting CVar [[r.SkeletalMeshLODBias:0]]
[2022.02.03-10.07.07:881][  0]LogConfig: Setting CVar [[r.ViewDistanceScale:1.0]]
[2022.02.03-10.07.07:881][  0]LogConfig: Applying CVar settings from Section [AntiAliasingQuality@3] File [C:/Users/ahmed/Documents/GitHub/VR-Room/BIMData/Saved/Config/Windows/Scalability.ini]
[2022.02.03-10.07.07:881][  0]LogConfig: Setting CVar [[r.PostProcessAAQuality:4]]
[2022.02.03-10.07.07:881][  0]LogConfig: Applying CVar settings from Section [ShadowQuality@3] File [C:/Users/ahmed/Documents/GitHub/VR-Room/BIMData/Saved/Config/Windows/Scalability.ini]
[2022.02.03-10.07.07:881][  0]LogConfig: Setting CVar [[r.LightFunctionQuality:1]]
[2022.02.03-10.07.07:881][  0]LogConfig: Setting CVar [[r.ShadowQuality:5]]
[2022.02.03-10.07.07:881][  0]LogConfig: Setting CVar [[r.Shadow.CSM.MaxCascades:10]]
[2022.02.03-10.07.07:881][  0]LogConfig: Setting CVar [[r.Shadow.MaxResolution:2048]]
[2022.02.03-10.07.07:881][  0]LogConfig: Setting CVar [[r.Shadow.MaxCSMResolution:2048]]
[2022.02.03-10.07.07:881][  0]LogConfig: Setting CVar [[r.Shadow.RadiusThreshold:0.01]]
[2022.02.03-10.07.07:881][  0]LogConfig: Setting CVar [[r.Shadow.DistanceScale:1.0]]
[2022.02.03-10.07.07:881][  0]LogConfig: Setting CVar [[r.Shadow.CSM.TransitionScale:1.0]]
[2022.02.03-10.07.07:881][  0]LogConfig: Setting CVar [[r.Shadow.PreShadowResolutionFactor:1.0]]
[2022.02.03-10.07.07:881][  0]LogConfig: Setting CVar [[r.DistanceFieldShadowing:1]]
[2022.02.03-10.07.07:881][  0]LogConfig: Setting CVar [[r.DistanceFieldAO:1]]
[2022.02.03-10.07.07:881][  0]LogConfig: Setting CVar [[r.AOQuality:2]]
[2022.02.03-10.07.07:881][  0]LogConfig: Setting CVar [[r.VolumetricFog:1]]
[2022.02.03-10.07.07:881][  0]LogConfig: Setting CVar [[r.VolumetricFog.GridPixelSize:8]]
[2022.02.03-10.07.07:881][  0]LogConfig: Setting CVar [[r.VolumetricFog.GridSizeZ:128]]
[2022.02.03-10.07.07:881][  0]LogConfig: Setting CVar [[r.VolumetricFog.HistoryMissSupersampleCount:4]]
[2022.02.03-10.07.07:881][  0]LogConfig: Setting CVar [[r.LightMaxDrawDistanceScale:1]]
[2022.02.03-10.07.07:881][  0]LogConfig: Setting CVar [[r.CapsuleShadows:1]]
[2022.02.03-10.07.07:881][  0]LogConfig: Applying CVar settings from Section [PostProcessQuality@3] File [C:/Users/ahmed/Documents/GitHub/VR-Room/BIMData/Saved/Config/Windows/Scalability.ini]
[2022.02.03-10.07.07:881][  0]LogConfig: Setting CVar [[r.MotionBlurQuality:4]]
[2022.02.03-10.07.07:881][  0]LogConfig: Setting CVar [[r.AmbientOcclusionMipLevelFactor:0.4]]
[2022.02.03-10.07.07:881][  0]LogConfig: Setting CVar [[r.AmbientOcclusionMaxQuality:100]]
[2022.02.03-10.07.07:881][  0]LogConfig: Setting CVar [[r.AmbientOcclusionLevels:-1]]
[2022.02.03-10.07.07:881][  0]LogConfig: Setting CVar [[r.AmbientOcclusionRadiusScale:1.0]]
[2022.02.03-10.07.07:881][  0]LogConfig: Setting CVar [[r.DepthOfFieldQuality:2]]
[2022.02.03-10.07.07:881][  0]LogConfig: Setting CVar [[r.RenderTargetPoolMin:400]]
[2022.02.03-10.07.07:881][  0]LogConfig: Setting CVar [[r.LensFlareQuality:2]]
[2022.02.03-10.07.07:881][  0]LogConfig: Setting CVar [[r.SceneColorFringeQuality:1]]
[2022.02.03-10.07.07:881][  0]LogConfig: Setting CVar [[r.EyeAdaptationQuality:2]]
[2022.02.03-10.07.07:881][  0]LogConfig: Setting CVar [[r.BloomQuality:5]]
[2022.02.03-10.07.07:881][  0]LogConfig: Setting CVar [[r.FastBlurThreshold:100]]
[2022.02.03-10.07.07:881][  0]LogConfig: Setting CVar [[r.Upscale.Quality:3]]
[2022.02.03-10.07.07:881][  0]LogConfig: Setting CVar [[r.Tonemapper.GrainQuantization:1]]
[2022.02.03-10.07.07:881][  0]LogConfig: Setting CVar [[r.LightShaftQuality:1]]
[2022.02.03-10.07.07:881][  0]LogConfig: Setting CVar [[r.Filter.SizeScale:1]]
[2022.02.03-10.07.07:881][  0]LogConfig: Setting CVar [[r.Tonemapper.Quality:5]]
[2022.02.03-10.07.07:881][  0]LogConfig: Setting CVar [[r.DOF.Gather.AccumulatorQuality:1        ; higher gathering accumulator quality]]
[2022.02.03-10.07.07:881][  0]LogConfig: Setting CVar [[r.DOF.Gather.PostfilterMethod:1          ; Median3x3 postfilering method]]
[2022.02.03-10.07.07:881][  0]LogConfig: Setting CVar [[r.DOF.Gather.EnableBokehSettings:0       ; no bokeh simulation when gathering]]
[2022.02.03-10.07.07:881][  0]LogConfig: Setting CVar [[r.DOF.Gather.RingCount:4                 ; medium number of samples when gathering]]
[2022.02.03-10.07.07:881][  0]LogConfig: Setting CVar [[r.DOF.Scatter.ForegroundCompositing:1    ; additive foreground scattering]]
[2022.02.03-10.07.07:881][  0]LogConfig: Setting CVar [[r.DOF.Scatter.BackgroundCompositing:2    ; additive background scattering]]
[2022.02.03-10.07.07:881][  0]LogConfig: Setting CVar [[r.DOF.Scatter.EnableBokehSettings:1      ; bokeh simulation when scattering]]
[2022.02.03-10.07.07:881][  0]LogConfig: Setting CVar [[r.DOF.Scatter.MaxSpriteRatio:0.1         ; only a maximum of 10% of scattered bokeh]]
[2022.02.03-10.07.07:881][  0]LogConfig: Setting CVar [[r.DOF.Recombine.Quality:1                ; cheap slight out of focus]]
[2022.02.03-10.07.07:881][  0]LogConfig: Setting CVar [[r.DOF.Recombine.EnableBokehSettings:0    ; no bokeh simulation on slight out of focus]]
[2022.02.03-10.07.07:881][  0]LogConfig: Setting CVar [[r.DOF.TemporalAAQuality:1                ; more stable temporal accumulation]]
[2022.02.03-10.07.07:881][  0]LogConfig: Setting CVar [[r.DOF.Kernel.MaxForegroundRadius:0.025]]
[2022.02.03-10.07.07:881][  0]LogConfig: Setting CVar [[r.DOF.Kernel.MaxBackgroundRadius:0.025]]
[2022.02.03-10.07.07:881][  0]LogConfig: Applying CVar settings from Section [TextureQuality@3] File [C:/Users/ahmed/Documents/GitHub/VR-Room/BIMData/Saved/Config/Windows/Scalability.ini]
[2022.02.03-10.07.07:881][  0]LogConfig: Setting CVar [[r.Streaming.MipBias:0]]
[2022.02.03-10.07.07:881][  0]LogConfig: Setting CVar [[r.Streaming.AmortizeCPUToGPUCopy:0]]
[2022.02.03-10.07.07:881][  0]LogConfig: Setting CVar [[r.Streaming.MaxNumTexturesToStreamPerFrame:0]]
[2022.02.03-10.07.07:881][  0]LogConfig: Setting CVar [[r.Streaming.Boost:1]]
[2022.02.03-10.07.07:881][  0]LogConfig: Setting CVar [[r.MaxAnisotropy:8]]
[2022.02.03-10.07.07:881][  0]LogConfig: Setting CVar [[r.VT.MaxAnisotropy:8]]
[2022.02.03-10.07.07:881][  0]LogConfig: Setting CVar [[r.Streaming.LimitPoolSizeToVRAM:0]]
[2022.02.03-10.07.07:881][  0]LogConfig: Setting CVar [[r.Streaming.PoolSize:1000]]
[2022.02.03-10.07.07:881][  0]LogConfig: Setting CVar [[r.Streaming.MaxEffectiveScreenSize:0]]
[2022.02.03-10.07.07:881][  0]LogConfig: Applying CVar settings from Section [EffectsQuality@3] File [C:/Users/ahmed/Documents/GitHub/VR-Room/BIMData/Saved/Config/Windows/Scalability.ini]
[2022.02.03-10.07.07:881][  0]LogConfig: Setting CVar [[r.TranslucencyLightingVolumeDim:64]]
[2022.02.03-10.07.07:881][  0]LogConfig: Setting CVar [[r.RefractionQuality:2]]
[2022.02.03-10.07.07:881][  0]LogConfig: Setting CVar [[r.SSR.Quality:3]]
[2022.02.03-10.07.07:881][  0]LogConfig: Setting CVar [[r.SSR.HalfResSceneColor:0]]
[2022.02.03-10.07.07:881][  0]LogConfig: Setting CVar [[r.SceneColorFormat:4]]
[2022.02.03-10.07.07:881][  0]LogConfig: Setting CVar [[r.DetailMode:2]]
[2022.02.03-10.07.07:881][  0]LogConfig: Setting CVar [[r.TranslucencyVolumeBlur:1]]
[2022.02.03-10.07.07:881][  0]LogConfig: Setting CVar [[r.MaterialQualityLevel:1 ; High quality]]
[2022.02.03-10.07.07:881][  0]LogConfig: Setting CVar [[r.AnisotropicMaterials:1]]
[2022.02.03-10.07.07:881][  0]LogConfig: Setting CVar [[r.SSS.Scale:1]]
[2022.02.03-10.07.07:881][  0]LogConfig: Setting CVar [[r.SSS.SampleSet:2]]
[2022.02.03-10.07.07:881][  0]LogConfig: Setting CVar [[r.SSS.Quality:1]]
[2022.02.03-10.07.07:881][  0]LogConfig: Setting CVar [[r.SSS.HalfRes:0]]
[2022.02.03-10.07.07:881][  0]LogConfig: Setting CVar [[r.SSGI.Quality:3]]
[2022.02.03-10.07.07:881][  0]LogConfig: Setting CVar [[r.EmitterSpawnRateScale:1.0]]
[2022.02.03-10.07.07:881][  0]LogConfig: Setting CVar [[r.ParticleLightQuality:2]]
[2022.02.03-10.07.07:881][  0]LogConfig: Setting CVar [[r.SkyAtmosphere.AerialPerspectiveLUT.FastApplyOnOpaque:1 ; Always have FastSkyLUT 1 in this case to avoid wrong sky]]
[2022.02.03-10.07.07:881][  0]LogConfig: Setting CVar [[r.SkyAtmosphere.AerialPerspectiveLUT.SampleCountMaxPerSlice:4]]
[2022.02.03-10.07.07:881][  0]LogConfig: Setting CVar [[r.SkyAtmosphere.AerialPerspectiveLUT.DepthResolution:16.0]]
[2022.02.03-10.07.07:881][  0]LogConfig: Setting CVar [[r.SkyAtmosphere.FastSkyLUT:1]]
[2022.02.03-10.07.07:881][  0]LogConfig: Setting CVar [[r.SkyAtmosphere.FastSkyLUT.SampleCountMin:4.0]]
[2022.02.03-10.07.07:881][  0]LogConfig: Setting CVar [[r.SkyAtmosphere.FastSkyLUT.SampleCountMax:128.0]]
[2022.02.03-10.07.07:881][  0]LogConfig: Setting CVar [[r.SkyAtmosphere.SampleCountMin:4.0]]
[2022.02.03-10.07.07:881][  0]LogConfig: Setting CVar [[r.SkyAtmosphere.SampleCountMax:128.0]]
[2022.02.03-10.07.07:881][  0]LogConfig: Setting CVar [[r.SkyAtmosphere.TransmittanceLUT.UseSmallFormat:0]]
[2022.02.03-10.07.07:881][  0]LogConfig: Setting CVar [[r.SkyAtmosphere.TransmittanceLUT.SampleCount:10.0]]
[2022.02.03-10.07.07:881][  0]LogConfig: Setting CVar [[r.SkyAtmosphere.MultiScatteringLUT.SampleCount:15.0]]
[2022.02.03-10.07.07:881][  0]LogConfig: Setting CVar [[r.SkyLight.RealTimeReflectionCapture:1]]
[2022.02.03-10.07.07:881][  0]LogConfig: Applying CVar settings from Section [FoliageQuality@3] File [C:/Users/ahmed/Documents/GitHub/VR-Room/BIMData/Saved/Config/Windows/Scalability.ini]
[2022.02.03-10.07.07:881][  0]LogConfig: Setting CVar [[foliage.DensityScale:1.0]]
[2022.02.03-10.07.07:881][  0]LogConfig: Setting CVar [[grass.DensityScale:1.0]]
[2022.02.03-10.07.07:881][  0]LogConfig: Applying CVar settings from Section [ShadingQuality@3] File [C:/Users/ahmed/Documents/GitHub/VR-Room/BIMData/Saved/Config/Windows/Scalability.ini]
[2022.02.03-10.07.07:881][  0]LogConfig: Setting CVar [[r.HairStrands.SkyLighting.IntegrationType:2]]
[2022.02.03-10.07.07:881][  0]LogConfig: Setting CVar [[r.HairStrands.SkyAO.SampleCount:4]]
[2022.02.03-10.07.07:881][  0]LogConfig: Setting CVar [[r.HairStrands.Visibility.MSAA.SamplePerPixel:4]]
[2022.02.03-10.07.07:881][  0]LogConfig: Applying CVar settings from Section [Startup] File [../../../Engine/Config/ConsoleVariables.ini]
[2022.02.03-10.07.07:882][  0]LogConfig: Setting CVar [[net.UseAdaptiveNetUpdateFrequency:0]]
[2022.02.03-10.07.07:882][  0]LogConfig: Setting CVar [[p.chaos.AllowCreatePhysxBodies:1]]
[2022.02.03-10.07.07:882][  0]LogConfig: Setting CVar [[fx.SkipVectorVMBackendOptimizations:1]]
[2022.02.03-10.07.07:882][  0]LogConfig: Applying CVar settings from Section [ConsoleVariables] File [C:/Users/ahmed/Documents/GitHub/VR-Room/BIMData/Saved/Config/Windows/Engine.ini]
[2022.02.03-10.07.07:882][  0]LogConfig: Applying CVar settings from Section [ConsoleVariables] File [C:/Users/ahmed/Documents/GitHub/VR-Room/BIMData/Saved/Config/Windows/Editor.ini]
[2022.02.03-10.07.07:882][  0]LogInit: Computer: DESKTOP-H5BA5UC
[2022.02.03-10.07.07:882][  0]LogInit: User: AhmedAIbrahim
[2022.02.03-10.07.07:882][  0]LogInit: CPU Page size=4096, Cores=8
[2022.02.03-10.07.07:882][  0]LogInit: High frequency timer resolution =10.000000 MHz
[2022.02.03-10.07.07:882][  0]LogMemory: Memory total: Physical=31.9GB (32GB approx)
[2022.02.03-10.07.07:882][  0]LogMemory: Platform Memory Stats for Windows
[2022.02.03-10.07.07:882][  0]LogMemory: Process Physical Memory: 148.74 MB used, 148.74 MB peak
[2022.02.03-10.07.07:882][  0]LogMemory: Process Virtual Memory: 131.35 MB used, 131.35 MB peak
[2022.02.03-10.07.07:882][  0]LogMemory: Physical Memory: 15746.48 MB used,  16894.20 MB free, 32640.68 MB total
[2022.02.03-10.07.07:882][  0]LogMemory: Virtual Memory: 134196696.00 MB used,  21033.88 MB free, 134217728.00 MB total
[2022.02.03-10.07.07:924][  0]LogWindows: WindowsPlatformFeatures enabled
[2022.02.03-10.07.07:957][  0]LogInit: Physics initialised using underlying interface: PhysX
[2022.02.03-10.07.07:957][  0]LogInit: Using OS detected language (en-US).
[2022.02.03-10.07.07:957][  0]LogInit: Using OS detected locale (en-DE).
[2022.02.03-10.07.07:961][  0]LogTextLocalizationManager: No specific localization for 'en-US' exists, so the 'en' localization will be used.
[2022.02.03-10.07.08:148][  0]LogInit: Setting process to per monitor DPI aware
[2022.02.03-10.07.08:167][  0]LogWindowsTextInputMethodSystem: Display: IME system deactivated.
[2022.02.03-10.07.08:181][  0]LogSlate: New Slate User Created.  User Index 0, Is Virtual User: 0
[2022.02.03-10.07.08:181][  0]LogSlate: Slate User Registered.  User Index 0, Is Virtual User: 0
[2022.02.03-10.07.08:309][  0]LogD3D11RHI: Loaded GFSDK_Aftermath_Lib.x64.dll
[2022.02.03-10.07.08:356][  0]LogHMD: Failed to initialize OpenVR with code 110
[2022.02.03-10.07.08:356][  0]LogD3D11RHI: D3D11 min allowed feature level: 11_0
[2022.02.03-10.07.08:356][  0]LogD3D11RHI: D3D11 max allowed feature level: 11_0
[2022.02.03-10.07.08:356][  0]LogD3D11RHI: D3D11 adapters:
[2022.02.03-10.07.08:462][  0]LogD3D11RHI:    0. 'NVIDIA GeForce RTX 3080 Laptop GPU' (Feature Level 11_0)
[2022.02.03-10.07.08:462][  0]LogD3D11RHI:       8042/0/16320 MB DedicatedVideo/DedicatedSystem/SharedSystem, Outputs:1, VendorId:0x10de
[2022.02.03-10.07.08:487][  0]LogD3D11RHI:    1. 'Intel(R) UHD Graphics' (Feature Level 11_0)
[2022.02.03-10.07.08:487][  0]LogD3D11RHI:       128/0/16320 MB DedicatedVideo/DedicatedSystem/SharedSystem, Outputs:0, VendorId:0x8086
[2022.02.03-10.07.08:489][  0]LogD3D11RHI:    2. 'Microsoft Basic Render Driver' (Feature Level 11_0)
[2022.02.03-10.07.08:489][  0]LogD3D11RHI:       0/0/16320 MB DedicatedVideo/DedicatedSystem/SharedSystem, Outputs:0, VendorId:0x1414
[2022.02.03-10.07.08:489][  0]LogD3D11RHI: Chosen D3D11 Adapter:
[2022.02.03-10.07.08:489][  0]LogD3D11RHI:     Description : NVIDIA GeForce RTX 3080 Laptop GPU
[2022.02.03-10.07.08:489][  0]LogD3D11RHI:     VendorId    : 10de
[2022.02.03-10.07.08:489][  0]LogD3D11RHI:     DeviceId    : 249c
[2022.02.03-10.07.08:489][  0]LogD3D11RHI:     SubSysId    : 76c41458
[2022.02.03-10.07.08:489][  0]LogD3D11RHI:     Revision    : 00a1
[2022.02.03-10.07.08:489][  0]LogD3D11RHI:     DedicatedVideoMemory : 8432648192 bytes
[2022.02.03-10.07.08:489][  0]LogD3D11RHI:     DedicatedSystemMemory : 0 bytes
[2022.02.03-10.07.08:489][  0]LogD3D11RHI:     SharedSystemMemory : 17113116672 bytes
[2022.02.03-10.07.08:489][  0]LogD3D11RHI:     AdapterLuid : 0 70719
[2022.02.03-10.07.08:498][  0]LogD3D11RHI: Creating new Direct3DDevice
[2022.02.03-10.07.08:498][  0]LogD3D11RHI:     GPU DeviceId: 0x249c (for the marketing name, search the web for "GPU Device Id")
[2022.02.03-10.07.08:498][  0]LogWindows: EnumDisplayDevices:
[2022.02.03-10.07.08:499][  0]LogWindows:    0. 'Intel(R) UHD Graphics' (P:1 D:1)
[2022.02.03-10.07.08:499][  0]LogWindows:    1. 'Intel(R) UHD Graphics' (P:0 D:0)
[2022.02.03-10.07.08:499][  0]LogWindows:    2. 'Intel(R) UHD Graphics' (P:0 D:0)
[2022.02.03-10.07.08:499][  0]LogWindows:    3. 'NVIDIA GeForce RTX 3080 Laptop GPU' (P:0 D:0)
[2022.02.03-10.07.08:500][  0]LogWindows:    4. 'NVIDIA GeForce RTX 3080 Laptop GPU' (P:0 D:0)
[2022.02.03-10.07.08:500][  0]LogWindows:    5. 'NVIDIA GeForce RTX 3080 Laptop GPU' (P:0 D:0)
[2022.02.03-10.07.08:500][  0]LogWindows:    6. 'NVIDIA GeForce RTX 3080 Laptop GPU' (P:0 D:0)
[2022.02.03-10.07.08:500][  0]LogWindows: DebugString: PrimaryIsNotTheChoosenAdapter PrimaryIsNotTheChoosenAdapter PrimaryIsNotTheChoosenAdapter FoundDriverCount:4 
[2022.02.03-10.07.08:500][  0]LogD3D11RHI:     Adapter Name: NVIDIA GeForce RTX 3080 Laptop GPU
[2022.02.03-10.07.08:500][  0]LogD3D11RHI:   Driver Version: 472.39 (internal:30.0.14.7239, unified:472.39)
[2022.02.03-10.07.08:500][  0]LogD3D11RHI:      Driver Date: 10-13-2021
[2022.02.03-10.07.08:500][  0]LogRHI: Texture pool is 5629 MB (70% of 8042 MB)
[2022.02.03-10.07.08:500][  0]LogD3D11RHI: Creating D3DDevice using adapter:
[2022.02.03-10.07.08:500][  0]LogD3D11RHI:     Description : NVIDIA GeForce RTX 3080 Laptop GPU
[2022.02.03-10.07.08:500][  0]LogD3D11RHI:     VendorId    : 10de
[2022.02.03-10.07.08:500][  0]LogD3D11RHI:     DeviceId    : 249c
[2022.02.03-10.07.08:500][  0]LogD3D11RHI:     SubSysId    : 76c41458
[2022.02.03-10.07.08:500][  0]LogD3D11RHI:     Revision    : 00a1
[2022.02.03-10.07.08:500][  0]LogD3D11RHI:     DedicatedVideoMemory : 8432648192 bytes
[2022.02.03-10.07.08:500][  0]LogD3D11RHI:     DedicatedSystemMemory : 0 bytes
[2022.02.03-10.07.08:500][  0]LogD3D11RHI:     SharedSystemMemory : 17113116672 bytes
[2022.02.03-10.07.08:500][  0]LogD3D11RHI:     AdapterLuid : 0 70719
[2022.02.03-10.07.08:584][  0]LogD3D11RHI: RHI has support for 64 bit atomics
[2022.02.03-10.07.08:584][  0]LogD3D11RHI: Async texture creation enabled
[2022.02.03-10.07.08:584][  0]LogD3D11RHI: Array index from any shader is supported
[2022.02.03-10.07.08:611][  0]LogD3D11RHI: GPU Timing Frequency: 1000.000000 (Debug: 2 1)
[2022.02.03-10.07.08:655][  0]LogRHI: GeForceNow SDK initialized: 1
[2022.02.03-10.07.09:017][  0]LogTargetPlatformManager: Display: Loaded TargetPlatform 'AllDesktop'
[2022.02.03-10.07.09:048][  0]LogTargetPlatformManager: Display: Loaded TargetPlatform 'Android'
[2022.02.03-10.07.09:048][  0]LogTargetPlatformManager: Display: Loaded TargetPlatform 'Android_ASTC'
[2022.02.03-10.07.09:048][  0]LogTargetPlatformManager: Display: Loaded TargetPlatform 'Android_DXT'
[2022.02.03-10.07.09:048][  0]LogTargetPlatformManager: Display: Loaded TargetPlatform 'Android_ETC2'
[2022.02.03-10.07.09:048][  0]LogTargetPlatformManager: Display: Loaded TargetPlatform 'AndroidClient'
[2022.02.03-10.07.09:048][  0]LogTargetPlatformManager: Display: Loaded TargetPlatform 'Android_ASTCClient'
[2022.02.03-10.07.09:048][  0]LogTargetPlatformManager: Display: Loaded TargetPlatform 'Android_DXTClient'
[2022.02.03-10.07.09:048][  0]LogTargetPlatformManager: Display: Loaded TargetPlatform 'Android_ETC2Client'
[2022.02.03-10.07.09:048][  0]LogTargetPlatformManager: Display: Loaded TargetPlatform 'Android_Multi'
[2022.02.03-10.07.09:048][  0]LogTargetPlatformManager: Display: Loaded TargetPlatform 'Android_MultiClient'
[2022.02.03-10.07.09:073][  0]LogTargetPlatformManager: Display: Loaded TargetPlatform 'IOSClient'
[2022.02.03-10.07.09:073][  0]LogTargetPlatformManager: Display: Loaded TargetPlatform 'IOS'
[2022.02.03-10.07.09:087][  0]LogTargetPlatformManager: Display: Loaded TargetPlatform 'Linux'
[2022.02.03-10.07.09:092][  0]LogTargetPlatformManager: Display: Loaded TargetPlatform 'LinuxNoEditor'
[2022.02.03-10.07.09:098][  0]LogTargetPlatformManager: Display: Loaded TargetPlatform 'LinuxClient'
[2022.02.03-10.07.09:103][  0]LogTargetPlatformManager: Display: Loaded TargetPlatform 'LinuxServer'
[2022.02.03-10.07.09:115][  0]LogTargetPlatformManager: Display: Loaded TargetPlatform 'LinuxAArch64NoEditor'
[2022.02.03-10.07.09:121][  0]LogTargetPlatformManager: Display: Loaded TargetPlatform 'LinuxAArch64Client'
[2022.02.03-10.07.09:127][  0]LogTargetPlatformManager: Display: Loaded TargetPlatform 'LinuxAArch64Server'
[2022.02.03-10.07.09:159][  0]LogTargetPlatformManager: Display: Loaded TargetPlatform 'Lumin'
[2022.02.03-10.07.09:159][  0]LogTargetPlatformManager: Display: Loaded TargetPlatform 'LuminClient'
[2022.02.03-10.07.09:170][  0]LogTargetPlatformManager: Display: Loaded TargetPlatform 'MacNoEditor'
[2022.02.03-10.07.09:176][  0]LogTargetPlatformManager: Display: Loaded TargetPlatform 'Mac'
[2022.02.03-10.07.09:182][  0]LogTargetPlatformManager: Display: Loaded TargetPlatform 'MacClient'
[2022.02.03-10.07.09:187][  0]LogTargetPlatformManager: Display: Loaded TargetPlatform 'MacServer'
[2022.02.03-10.07.09:199][  0]LogTargetPlatformManager: Display: Loaded TargetPlatform 'TVOSClient'
[2022.02.03-10.07.09:199][  0]LogTargetPlatformManager: Display: Loaded TargetPlatform 'TVOS'
[2022.02.03-10.07.09:211][  0]LogTargetPlatformManager: Display: Loaded TargetPlatform 'WindowsNoEditor'
[2022.02.03-10.07.09:217][  0]LogTargetPlatformManager: Display: Loaded TargetPlatform 'Windows'
[2022.02.03-10.07.09:223][  0]LogTargetPlatformManager: Display: Loaded TargetPlatform 'WindowsClient'
[2022.02.03-10.07.09:229][  0]LogTargetPlatformManager: Display: Loaded TargetPlatform 'WindowsServer'
[2022.02.03-10.07.09:229][  0]LogTargetPlatformManager: Display: Building Assets For Windows
[2022.02.03-10.07.09:238][  0]LogAudioDebug: Display: Lib vorbis DLL was dynamically loaded.
[2022.02.03-10.07.09:276][  0]LogTextureFormatOodle: Display: Oodle Texture 2.9.0 init RDO Off
[2022.02.03-10.07.09:330][  0]LogRendererCore: Ray tracing is disabled. Reason: r.RayTracing=0.
[2022.02.03-10.07.09:330][  0]LogShaderCompilers: Guid format shader working directory is -17 characters bigger than the processId version (../../../../../../Users/ahmed/Documents/GitHub/VR-Room/BIMData/Intermediate/Shaders/WorkingDirectory/30424/).
[2022.02.03-10.07.09:330][  0]LogShaderCompilers: Cleaned the shader compiler working directory 'C:/Users/ahmed/AppData/Local/Temp/UnrealShaderWorkingDir/710B42EA4089CD0547E81193CB118F63/'.
[2022.02.03-10.07.09:330][  0]LogXGEController: Cannot use XGE Controller as Incredibuild is not installed on this machine.
[2022.02.03-10.07.09:330][  0]LogShaderCompilers: Cannot use XGE Shader Compiler as Incredibuild is not installed on this machine.
[2022.02.03-10.07.09:330][  0]LogShaderCompilers: Display: Using Local Shader Compiler.
[2022.02.03-10.07.10:212][  0]LogDerivedDataCache: Display: Max Cache Size: 512 MB
[2022.02.03-10.07.10:270][  0]LogDerivedDataCache: Loaded boot cache 0.06s 124MB C:/Users/ahmed/AppData/Local/UnrealEngine/4.27/DerivedDataCache/Boot.ddc.
[2022.02.03-10.07.10:270][  0]LogDerivedDataCache: Display: Loaded Boot cache: C:/Users/ahmed/AppData/Local/UnrealEngine/4.27/DerivedDataCache/Boot.ddc
[2022.02.03-10.07.10:270][  0]LogDerivedDataCache: FDerivedDataBackendGraph:  Pak pak cache file ../../../../../../Users/ahmed/Documents/GitHub/VR-Room/BIMData/DerivedDataCache/DDC.ddp not found, will not use a pak cache.
[2022.02.03-10.07.10:270][  0]LogDerivedDataCache: Unable to find inner node Pak for hierarchical cache Hierarchy.
[2022.02.03-10.07.10:270][  0]LogDerivedDataCache: FDerivedDataBackendGraph:  CompressedPak pak cache file ../../../../../../Users/ahmed/Documents/GitHub/VR-Room/BIMData/DerivedDataCache/Compressed.ddp not found, will not use a pak cache.
[2022.02.03-10.07.10:270][  0]LogDerivedDataCache: Unable to find inner node CompressedPak for hierarchical cache Hierarchy.
[2022.02.03-10.07.10:283][  0]LogDerivedDataCache: Display: Pak cache opened for reading ../../../Engine/DerivedDataCache/Compressed.ddp.
[2022.02.03-10.07.10:283][  0]LogDerivedDataCache: FDerivedDataBackendGraph:  EnterprisePak pak cache file ../../../Enterprise/DerivedDataCache/Compressed.ddp not found, will not use a pak cache.
[2022.02.03-10.07.10:283][  0]LogDerivedDataCache: Unable to find inner node EnterprisePak for hierarchical cache Hierarchy.
[2022.02.03-10.07.10:291][  0]LogDerivedDataCache: Speed tests for C:/Users/ahmed/AppData/Local/UnrealEngine/Common/DerivedDataCache took 0.01 seconds
[2022.02.03-10.07.10:292][  0]LogDerivedDataCache: Display: Performance to C:/Users/ahmed/AppData/Local/UnrealEngine/Common/DerivedDataCache: Latency=0.02ms. RandomReadSpeed=1565.92MBs, RandomWriteSpeed=130.94MBs. Assigned SpeedClass 'Local'
[2022.02.03-10.07.10:292][  0]LogDerivedDataCache: Using Local data cache path C:/Users/ahmed/AppData/Local/UnrealEngine/Common/DerivedDataCache: Writable
[2022.02.03-10.07.10:292][  0]LogDerivedDataCache: Shared data cache path not found in *engine.ini, will not use an Shared cache.
[2022.02.03-10.07.10:292][  0]LogDerivedDataCache: Unable to find inner node Shared for hierarchical cache Hierarchy.
[2022.02.03-10.07.10:343][  0]LogSlate: Using FreeType 2.10.0
[2022.02.03-10.07.10:344][  0]LogSlate: SlateFontServices - WITH_FREETYPE: 1, WITH_HARFBUZZ: 1
[2022.02.03-10.07.10:370][  0]LogAssetRegistry: FAssetRegistry took 0.0025 seconds to start up
[2022.02.03-10.07.10:577][  0]LogInit: Selected Device Profile: [Windows]
[2022.02.03-10.07.10:577][  0]LogInit: Active device profile: [000002EC2C4FC700][000002EC28C490C0 49] Windows
[2022.02.03-10.07.10:577][  0]LogInit: Profiles: [000002EC2C4FC700][000002EC28C490C0 49] Windows, [000002EC2C4BF600][000002EC28C51240 49] WindowsNoEditor, [000002EC2C4FF300][000002EC28C553C0 49] WindowsServer, [000002EC2C4BFF00][000002EC28C59540 49] WindowsClient, [000002EC2C4FF500][000002EC28C5D6C0 49] IOS, [000002EC2C4B3F00][000002EC28C61840 49] iPadAir, [000002EC2C4BFA00][000002EC28C659C0 49] iPadAir2, [000002EC2C470500][000002EC28C6C100 49] IPadPro, [000002EC2C470600][000002EC28C68140 49] iPadAir3, [000002EC2C4B0100][000002EC28C702C0 49] iPadAir4, [000002EC2C472C00][000002EC28C74440 49] iPadMini2, [000002EC2C4B2500][000002EC2B1C05C0 49] iPadMini3, [000002EC2C473400][000002EC2B1C4740 49] iPadMini4, [000002EC2C4B0F00][000002EC2B1C88C0 49] iPadMini5, [000002EC2C427E00][000002EC2B1CCB00 49] iPhone6, [000002EC2C427F00][000002EC28C4CB40 49] iPodTouch6, [000002EC2C4FF900][000002EC2B1FAD80 49] iPhone7, [000002EC2C4FE100][000002EC2B1D0DC0 49] iPodTouch7, [000002EC2C424400][000002EC2B206F40 49] iPhone5S, [000002EC2C473D00][000002EC2B2170C0 49] iPhone6Plus, [000002EC2C4FF400][000002EC2659B240 49] iPhone6S, [000002EC2C472000][000002EC2659F3C0 49] iPhone6SPlus, [000002EC2C4FC900][000002EC2B255540 49] iPhone7Plus, [000002EC2C470E00][000002EC2C9A56C0 49] iPhoneSE, [000002EC2C4FC200][000002EC2C9C9840 49] iPhone8, [000002EC2C472400][000002EC2C9CD9C0 49] iPhone8Plus, [000002EC2C4FDE00][000002EC21FAFB40 49] iPhoneX, [000002EC2C473E00][000002EC21FB2140 49] iPhoneXS, [000002EC2C4FD600][000002EC21FB62C0 49] iPhoneXSMax, [000002EC2C472500][000002EC21FBA440 49] iPhoneXR, [000002EC2C4FEA00][000002EC21FBE5C0 49] iPhone11, [000002EC2C473A00][000002EC21FC2740 49] iPhone11Pro, [000002EC2C4FCF00][000002EC21FC68C0 49] iPhone11ProMax, [000002EC2C472300][000002EC220FEA40 49] iPhoneSE2, [000002EC2C4FE700][000002EC2B202B80 49] iPhone12Mini, [000002EC2C470700][000002EC2210ECC0 49] iPhone12, [000002EC2C4FF100][000002EC2C68AE00 49] iPhone12Pro, [000002EC2C473500][000002EC2211EF40 49] iPhone12ProMax, [000002EC2C4FC800][000002EC2B2690C0 49] iPadPro105, [000002EC2C471C00][000002EC2B26D240 49] iPadPro129, [000002EC2C4FC300][000002EC2B2713C0 49] iPadPro97, [000002EC2C471D00][000002EC2B283540 49] iPadPro2_129, [000002EC2C4FCC00][000002EC2B54F6C0 49] iPad5, [000002EC2C473000][000002EC2B553840 49] iPad6, [000002EC2C4FEC00][000002EC2B5579C0 49] iPad7, [000002EC2C472E00][000002EC2B55BB40 49] iPad8, [000002EC2C4FD800][000002EC2C954140 49] iPadPro11, [000002EC2C471B00][000002EC2C9582C0 49] iPadPro2_11, [000002EC2C4FD500][000002EC2C95C440 49] iPadPro3_129, [000002EC2C472700][000002EC2C9745C0 49] iPadPro4_129, [000002EC2C4FC100][000002EC2C980740 49] AppleTV, [000002EC2C472B00][000002EC2C9888C0 49] AppleTV4K, [000002EC2C4FDB00][000002EC2C98CA40 49] TVOS, [000002EC2C470900][000002EC2C990BC0 49] Mac, [000002EC2C4FD700][000002EC2C998D40 49] MacClient, [000002EC2C472F00][000002EC2B264E80 49] MacNoEditor, [000002EC2C4FCD00][000002EC2C99CFC0 49] MacServer, [000002EC2C470300][000002EC2C9A1100 49] Linux, [000002EC2C4FEE00][000002EC21F45280 49] LinuxAArch64, [000002EC2C471500][000002EC21F49400 49] LinuxNoEditor, [000002EC2C4FE400][000002EC21F4D580 49] LinuxAArch64NoEditor, [000002EC2C470200][000002EC2C9B5700 49] LinuxClient, [000002EC2C4FED00][000002EC2C9B9880 49] LinuxAArch64Client, [000002EC2C470C00][000002EC2C9BDA00 49] LinuxServer, [000002EC2C4FC400][000002EC2C9C1B80 49] LinuxAArch64Server, [000002EC2C471000][000002EC2C9C4180 49] Android, [000002EC2C4B3900][000002EC220D8300 49] Android_Low, [000002EC2C425B00][000002EC2B1FE480 49] Android_Mid, [000002EC2C4B3000][000002EC2C984600 49] Android_High, [000002EC2C426300][000002EC2C994780 49] Android_Default, [000002EC2C4B2000][000002EC2B5BC900 49] Android_Adreno4xx, [000002EC2C424100][000002EC220DCA80 49] Android_Adreno5xx_Low, [000002EC2C4B0B00][000002EC220E0C00 49] Android_Adreno5xx, [000002EC2C425800][000002EC220E4D80 49] Android_Adreno6xx, [000002EC2C4B1100][000002EC220E8F00 49] Android_Adreno6xx_Vulkan, [000002EC2C424800][000002EC21F41040 49] Android_Mali_T6xx, [000002EC2C4B3600][000002EC220ED180 49] Android_Mali_T7xx, [000002EC2C424D00][000002EC220F12C0 49] Android_Mali_T8xx, [000002EC2C4B3C00][000002EC220F9440 49] Android_Mali_G71, [000002EC2C425500][000002EC21F515C0 49] Android_Mali_G72, [000002EC2C4B3E00][000002EC21F55740 49] Android_Mali_G72_Vulkan, [000002EC2C427D00][000002EC21F598C0 49] Android_Mali_G76, [000002EC2C4B3A00][000002EC21F5DA40 49] Android_Mali_G76_Vulkan, [000002EC2C427600][000002EC21F61BC0 49] Android_Mali_G77, [000002EC2C4B2200][000002EC21F641C0 49] Android_Mali_G77_Vulkan, [000002EC2C425200][000002EC21F68340 49] Android_Mali_G78, [000002EC2C4B0A00][000002EC21F6C4C0 49] Android_Mali_G78_Vulkan, [000002EC2C427000][000002EC21F70640 49] Android_Mali_G710, [000002EC2C4B1400][000002EC21F747C0 49] Android_Mali_G710_Vulkan, [000002EC2C424700][000002EC21F78940 49] Android_Vulkan_SM5, [000002EC2C4B1800][000002EC21F7CAC0 49] Android_PowerVR_G6xxx, [000002EC2C424E00][000002EC21F80C40 49] Android_PowerVR_GT7xxx, [000002EC2C4B0200][000002EC21F84DC0 49] Android_PowerVR_GE8xxx, [000002EC2C424600][000002EC21F88F40 49] Android_PowerVR_GM9xxx, [000002EC2C4B2600][000002EC21F8D0C0 49] Android_PowerVR_GM9xxx_Vulkan, [000002EC2C470F00][000002EC220F5200 49] Android_TegraK1, [000002EC2C4B2A00][000002EC21F91340 49] Android_Unknown_Vulkan, [000002EC2C470D00][000002EC21F95480 49] Lumin, [000002EC2C4B1200][000002EC21F995C0 49] Lumin_Desktop, [000002EC2C470B00][000002EC21FA1740 49] HoloLens, 
[2022.02.03-10.07.10:688][  0]LogMeshReduction: Using QuadricMeshReduction for automatic static mesh reduction
[2022.02.03-10.07.10:688][  0]LogMeshReduction: Using SimplygonMeshReduction for automatic skeletal mesh reduction
[2022.02.03-10.07.10:688][  0]LogMeshReduction: Using ProxyLODMeshReduction for automatic mesh merging
[2022.02.03-10.07.10:688][  0]LogMeshReduction: No distributed automatic mesh merging module available
[2022.02.03-10.07.10:688][  0]LogMeshMerging: No distributed automatic mesh merging module available
[2022.02.03-10.07.10:702][  0]LogNetVersion: BIMData 1.0.0, NetCL: 17155196, EngineNetVer: 17, GameNetVer: 0 (Checksum: 2314179015)
[2022.02.03-10.07.11:103][  0]LogTexture: Default maximum texture size for cubemaps generated from long-lat sources has been changed from 512 to unlimited. In order to preserve old behaiour for '/Engine/MapTemplates/Sky/DaylightAmbientCubemap.DaylightAmbientCubemap', its maximum texture size has been explicitly set to 512.
[2022.02.03-10.07.11:158][  0]LogHMD: PokeAHoleMaterial loaded successfully
[2022.02.03-10.07.11:164][  0]LogUObjectArray: 17178 objects as part of root set at end of initial load.
[2022.02.03-10.07.11:164][  0]LogUObjectAllocator: 4302048 out of 0 bytes used by permanent object pool.
[2022.02.03-10.07.11:164][  0]LogUObjectArray: CloseDisregardForGC: 0/0 objects in disregard for GC pool
[2022.02.03-10.07.11:423][  0]LogNiagaraDebuggerClient: Niagara Debugger Client Initialized | Session: F6BBA77F4B6B32DDF3D3FB8D62287EDF | Instance: FC27F483433DC3CCBBAF569C909EB568 (DESKTOP-H5BA5UC-30424).
[2022.02.03-10.07.11:455][  0]LogPython: Using Python 3.7.7
[2022.02.03-10.07.11:998][  0]LogTcpMessaging: Initializing TcpMessaging bridge
[2022.02.03-10.07.12:001][  0]LogUdpMessaging: Initializing bridge on interface 0.0.0.0:0 to multicast group 230.0.0.1:6666.
[2022.02.03-10.07.12:053][  0]LogLinker: Warning: Failed to load '/Game/ThirdPersonBP/ThirdPersonOverview': Can't find file.
[2022.02.03-10.07.12:054][  0]LogLinker: Warning: Failed to load '/Game/ThirdPersonBP/ThirdPersonOverview': Can't find file.
[2022.02.03-10.07.12:054][  0]LogUObjectGlobals: Warning: Failed to find object 'Class /Game/ThirdPersonBP/ThirdPersonOverview.ThirdPersonOverview_C'
[2022.02.03-10.07.12:131][  0]SourceControl: Source control is disabled
[2022.02.03-10.07.12:131][  0]SourceControl: Source control is disabled
[2022.02.03-10.07.12:136][  0]SourceControl: Source control is disabled
[2022.02.03-10.07.12:139][  0]SourceControl: Source control is disabled
[2022.02.03-10.07.12:168][  0]SourceControl: Source control is disabled
[2022.02.03-10.07.12:262][  0]LogTexture: Default maximum texture size for cubemaps generated from long-lat sources has been changed from 512 to unlimited. In order to preserve old behaiour for '/Engine/EditorMaterials/AssetViewer/EpicQuadPanorama_CC+EV1.EpicQuadPanorama_CC+EV1', its maximum texture size has been explicitly set to 512.
[2022.02.03-10.07.12:412][  0]LogUProjectInfo: Found projects:
[2022.02.03-10.07.13:766][  0]LogOpenImageDenoise: OIDN starting up
[2022.02.03-10.07.13:809][  0]LogAndroidPermission: UAndroidPermissionCallbackProxy::GetInstance
[2022.02.03-10.07.13:828][  0]LogAudioCaptureCore: Display: No Audio Capture implementations found. Audio input will be silent.
[2022.02.03-10.07.13:828][  0]LogAudioCaptureCore: Display: No Audio Capture implementations found. Audio input will be silent.
[2022.02.03-10.07.13:937][  0]LogCollectionManager: Loaded 0 collections in 0.001283 seconds
[2022.02.03-10.07.13:962][  0]LogFileCache: Scanning file cache for directory 'C:/Users/ahmed/Documents/GitHub/VR-Room/BIMData/Saved/Collections/' took 0.00s
[2022.02.03-10.07.13:962][  0]LogFileCache: Scanning file cache for directory 'C:/Users/ahmed/Documents/GitHub/VR-Room/BIMData/Content/Developers/AhmedAIbrahim/Collections/' took 0.00s
[2022.02.03-10.07.13:962][  0]LogFileCache: Scanning file cache for directory 'C:/Users/ahmed/Documents/GitHub/VR-Room/BIMData/Content/Collections/' took 0.00s
[2022.02.03-10.07.13:962][  0]LogOcInput: OculusInput pre-init called
[2022.02.03-10.07.14:629][  0]LogDatasmithRuntime: Adding /DatasmithRuntime/Materials to the list of directories to always package otherwise we cannot create dynamic material instances at runtime
[2022.02.03-10.07.14:752][  0]LogClass: Display: Int8Property FMTSJson::version is not initialized properly. Module:MegascansPlugin File:Private/Utilities/MTSReader.h
[2022.02.03-10.07.14:753][  0]LogClass: Display: Int16Property FMTSJson::resolutionValue is not initialized properly. Module:MegascansPlugin File:Private/Utilities/MTSReader.h
[2022.02.03-10.07.14:753][  0]LogClass: Display: BoolProperty FMTSJson::isExternal is not initialized properly. Module:MegascansPlugin File:Private/Utilities/MTSReader.h
[2022.02.03-10.07.14:753][  0]LogClass: Display: Int8Property FMTSJson::meshVersion is not initialized properly. Module:MegascansPlugin File:Private/Utilities/MTSReader.h
[2022.02.03-10.07.14:753][  0]LogClass: Display: BoolProperty FMTSJson::isCustom is not initialized properly. Module:MegascansPlugin File:Private/Utilities/MTSReader.h
[2022.02.03-10.07.14:753][  0]LogClass: Display: BoolProperty FMTSJson::isModularAsset is not initialized properly. Module:MegascansPlugin File:Private/Utilities/MTSReader.h
[2022.02.03-10.07.14:753][  0]LogClass: Display: Int8Property FLodList::variation is not initialized properly. Module:MegascansPlugin File:Private/Utilities/MTSReader.h
[2022.02.03-10.07.14:753][  0]LogClass: Display: Int16Property FMeshList::resolution is not initialized properly. Module:MegascansPlugin File:Private/Utilities/MTSReader.h
[2022.02.03-10.07.14:753][  0]LogClass: Display: Int16Property FComponents::resolution is not initialized properly. Module:MegascansPlugin File:Private/Utilities/MTSReader.h
[2022.02.03-10.07.14:753][  0]LogClass: Display: BoolProperty FTextureSets::isUdim is not initialized properly. Module:MegascansPlugin File:Private/Utilities/MTSReader.h
[2022.02.03-10.07.14:753][  0]LogClass: Display: BoolProperty FMeta::value is not initialized properly. Module:MegascansPlugin File:Private/Utilities/MTSReader.h
[2022.02.03-10.07.14:753][  0]LogClass: Display: 11 Uninitialized script struct members found including 0 object properties
[2022.02.03-10.07.14:753][  0]LogEngine: Initializing Engine...
[2022.02.03-10.07.14:756][  0]LogHMD: Failed to enumerate extensions. Please check that you have a valid OpenXR runtime installed.
[2022.02.03-10.07.14:756][  0]LogHMD: Failed to initialize OpenVR with code 110
[2022.02.03-10.07.14:756][  0]LogMagicLeap: Warning: VR disabled because ZI is not enabled.  To enable, in the editor, Edit -> Project Settings -> Plugins -> Magic Leap Plugin -> Enable Zero Iteration
[2022.02.03-10.07.14:756][  0]LogStats: UGameplayTagsManager::InitializeManager -  0.000 s
[2022.02.03-10.07.14:853][  0]LogInit: Initializing FReadOnlyCVARCache
[2022.02.03-10.07.14:862][  0]LogAIModule: Creating AISystem for world Untitled
[2022.02.03-10.07.14:873][  0]LogAudio: Display: Initializing Audio Device Manager...
[2022.02.03-10.07.14:878][  0]LogAudio: Display: Loading Default Audio Settings Objects...
[2022.02.03-10.07.14:878][  0]LogAudio: Display: No default SoundConcurrencyObject specified (or failed to load).
[2022.02.03-10.07.14:878][  0]LogAudio: Display: Audio Device Manager Initialized
[2022.02.03-10.07.14:879][  0]LogAudio: Display: Creating Audio Device:                 Id: 1, Scope: Shared, Realtime: True
[2022.02.03-10.07.14:879][  0]LogAudioMixer: Display: Audio Mixer Platform Settings:
[2022.02.03-10.07.14:879][  0]LogAudioMixer: Display: 	Sample Rate:						  48000
[2022.02.03-10.07.14:879][  0]LogAudioMixer: Display: 	Callback Buffer Frame Size Requested: 1024
[2022.02.03-10.07.14:879][  0]LogAudioMixer: Display: 	Callback Buffer Frame Size To Use:	  1024
[2022.02.03-10.07.14:879][  0]LogAudioMixer: Display: 	Number of buffers to queue:			  2
[2022.02.03-10.07.14:879][  0]LogAudioMixer: Display: 	Max Channels (voices):				  32
[2022.02.03-10.07.14:879][  0]LogAudioMixer: Display: 	Number of Async Source Workers:		  0
[2022.02.03-10.07.14:879][  0]LogAudio: Display: AudioDevice MaxSources: 32
[2022.02.03-10.07.14:879][  0]LogAudio: Display: Audio Spatialization Plugin: None (built-in).
[2022.02.03-10.07.14:879][  0]LogAudio: Display: Audio Reverb Plugin: None (built-in).
[2022.02.03-10.07.14:879][  0]LogAudio: Display: Audio Occlusion Plugin: None (built-in).
[2022.02.03-10.07.14:879][  0]LogAudioMixer: Display: Initializing audio mixer.
[2022.02.03-10.07.14:955][  0]LogAudioMixer: Display: 0: FrontLeft
[2022.02.03-10.07.14:955][  0]LogAudioMixer: Display: 1: FrontRight
[2022.02.03-10.07.15:115][  0]LogAudioMixer: Display: Using Audio Device Speakers (Realtek(R) Audio)
[2022.02.03-10.07.15:119][  0]LogAudioMixer: Display: Initializing Sound Submixes...
[2022.02.03-10.07.15:122][  0]LogAudioMixer: Display: Creating Master Submix 'MasterSubmixDefault'
[2022.02.03-10.07.15:122][  0]LogAudioMixer: Display: Creating Master Submix 'MasterReverbSubmixDefault'
[2022.02.03-10.07.15:123][  0]LogAudioMixer: Display: Creating Master Submix 'MasterEQSubmixDefault'
[2022.02.03-10.07.15:123][  0]LogAudioMixer: FMixerPlatformXAudio2::StartAudioStream() called
[2022.02.03-10.07.15:123][  0]LogAudioMixer: Display: Output buffers initialized: Frames=1024, Channels=2, Samples=2048
[2022.02.03-10.07.15:124][  0]LogAudioMixer: Display: Starting AudioMixerPlatformInterface::RunInternal()
[2022.02.03-10.07.15:124][  0]LogAudioMixer: Display: FMixerPlatformXAudio2::SubmitBuffer() called for the first time
[2022.02.03-10.07.15:124][  0]LogInit: FAudioDevice initialized.
[2022.02.03-10.07.15:124][  0]LogAudio: Display: Audio Device (ID: 1) registered with world 'Untitled'.
[2022.02.03-10.07.15:124][  0]LogNetVersion: Set ProjectVersion to 1.0.0.0. Version Checksum will be recalculated on next use.
[2022.02.03-10.07.15:199][  0]LogDerivedDataCache: Saved boot cache 0.07s 111MB C:/Users/ahmed/AppData/Local/UnrealEngine/4.27/DerivedDataCache/Boot.ddc.
[2022.02.03-10.07.15:200][  0]LogInit: Texture streaming: Enabled
[2022.02.03-10.07.15:211][  0]LogAnalytics: Display: [UEEditor.Rocket.Release] APIServer = https://datarouter.ol.epicgames.com/. AppVersion = 4.27.2-18319896+++UE4+Release-4.27
[2022.02.03-10.07.15:214][  0]LogEngineSessionManager: EngineSessionManager initialized
[2022.02.03-10.07.15:214][  0]LogEditorSessionSummary: Verbose: Initializing EditorSessionSummaryWriter for editor session tracking
[2022.02.03-10.07.15:215][  0]LogEditorSessionSummary: EditorSessionSummaryWriter initialized
[2022.02.03-10.07.15:227][  0]LogInit: Transaction tracking system initialized
[2022.02.03-10.07.15:245][  0]BlueprintLog: New page: Editor Load
[2022.02.03-10.07.15:289][  0]LocalizationService: Localization service is disabled
[2022.02.03-10.07.15:305][  0]TimingProfiler: Initialize
[2022.02.03-10.07.15:306][  0]TimingProfiler: OnSessionChanged
[2022.02.03-10.07.15:306][  0]LoadingProfiler: Initialize
[2022.02.03-10.07.15:306][  0]LoadingProfiler: OnSessionChanged
[2022.02.03-10.07.15:306][  0]NetworkingProfiler: Initialize
[2022.02.03-10.07.15:306][  0]NetworkingProfiler: OnSessionChanged
[2022.02.03-10.07.15:306][  0]MemoryProfiler: Initialize
[2022.02.03-10.07.15:306][  0]MemoryProfiler: OnSessionChanged
[2022.02.03-10.07.15:752][  0]LogCook: Display: CookSettings for Memory: MemoryMaxUsedVirtual 0MiB, MemoryMaxUsedPhysical 16384MiB, MemoryMinFreeVirtual 0MiB, MemoryMinFreePhysical 1024MiB
[2022.02.03-10.07.15:752][  0]LogCook: Display: Mobile HDR setting 1
[2022.02.03-10.07.16:057][  0]LogFileCache: Scanning file cache for directory 'C:/Users/ahmed/Documents/GitHub/VR-Room/BIMData/Content/' took 0.00s
[2022.02.03-10.07.16:273][  0]LogInit: Display: Engine is initialized. Leaving FEngineLoop::Init()
[2022.02.03-10.07.16:275][  0]SourceControl: Source control is disabled
[2022.02.03-10.07.16:275][  0]LogUnrealEdMisc: Loading editor; pre map load, took 10.017
[2022.02.03-10.07.16:275][  0]Cmd: MAP LOAD FILE="../../../../../../Users/ahmed/Documents/GitHub/VR-Room/BIMData/Content/FirstPersonBP/Maps/FirstPersonExampleMap.umap" TEMPLATE=0 SHOWPROGRESS=1 FEATURELEVEL=3
[2022.02.03-10.07.16:276][  0]LightingResults: New page: Lighting Build
[2022.02.03-10.07.16:276][  0]LogWorld: UWorld::CleanupWorld for Untitled, bSessionEnded=true, bCleanupResources=true
[2022.02.03-10.07.16:276][  0]LogSlate: InvalidateAllWidgets triggered.  All widgets were invalidated
[2022.02.03-10.07.16:276][  0]MapCheck: New page: Map Check
[2022.02.03-10.07.16:276][  0]LightingResults: New page: Lighting Build
[2022.02.03-10.07.16:283][  0]LogAudio: Display: Audio Device unregistered from world 'None'.
[2022.02.03-10.07.16:287][  0]LogUObjectHash: Compacting FUObjectHashTables data took   1.18ms
[2022.02.03-10.07.16:385][  0]LogTexture: Display: Building textures: DeprecatedTexture4E9A31EC459F824B7293D9A5960F381F (BGRA8, 128X128)
[2022.02.03-10.07.16:398][  0]LogAudio: Display: Audio Device (ID: 1) registered with world 'FirstPersonExampleMap'.
[2022.02.03-10.07.16:400][  0]LogAIModule: Creating AISystem for world FirstPersonExampleMap
[2022.02.03-10.07.16:408][  0]LogEditorServer: Finished looking for orphan Actors (0.000 secs)
[2022.02.03-10.07.16:425][  0]LogUObjectHash: Compacting FUObjectHashTables data took   1.67ms
[2022.02.03-10.07.16:425][  0]Cmd: MAP CHECKDEP NOCLEARLOG
[2022.02.03-10.07.16:425][  0]MapCheck: Map check complete: 0 Error(s), 0 Warning(s), took 0,255ms to complete.
[2022.02.03-10.07.16:425][  0]LogFileHelpers: Loading map 'FirstPersonExampleMap' took 0.150
[2022.02.03-10.07.16:428][  0]LogUnrealEdMisc: Total Editor Startup Time, took 10.169
[2022.02.03-10.07.16:523][  0]LogSlate: The tab "Cesium" attempted to spawn in layout 'LevelEditor_Layout_v1.2' but failed for some reason. It will not be displayed.
[2022.02.03-10.07.16:544][  0]LogSlate: Updating window title bar state: overlay mode, drag disabled, window buttons hidden, title bar hidden
[2022.02.03-10.07.16:553][  0]LogSlate: Updating window title bar state: overlay mode, drag disabled, window buttons hidden, title bar hidden
[2022.02.03-10.07.16:561][  0]LogSlate: Updating window title bar state: overlay mode, drag disabled, window buttons hidden, title bar hidden
[2022.02.03-10.07.16:569][  0]LogSlate: Updating window title bar state: overlay mode, drag disabled, window buttons hidden, title bar hidden
[2022.02.03-10.07.16:589][  0]LogNativeClassHierarchy: Verbose: Native class hierarchy populated in 0.0142 seconds. Added 4054 classes and 1014 folders.
[2022.02.03-10.07.16:592][  0]LogNativeClassHierarchy: Verbose: Native class hierarchy updated for 'WidgetCarousel' in 0.0004 seconds. Added 0 classes and 0 folders.
[2022.02.03-10.07.16:594][  0]LogPakFile: PakFile PrimaryIndexSize=187
[2022.02.03-10.07.16:594][  0]LogPakFile: PakFile PathHashIndexSize=101
[2022.02.03-10.07.16:594][  0]LogPakFile: PakFile FullDirectoryIndexSize=148
[2022.02.03-10.07.16:594][  0]LogShaderLibrary: Display: ShaderCodeLibraryPakFileMountedCallback: PakFile 'C:/Program Files/Epic Games/UE_4.27/FeaturePacks/FP_FirstPerson.upack' (chunk index -1, root 'root:/') mounted
[2022.02.03-10.07.16:594][  0]LogShaderLibrary: Display: ShaderCodeLibraryPakFileMountedCallback: pending pak file info (ChunkID:-1 Root:root:/ File:C:/Program Files/Epic Games/UE_4.27/FeaturePacks/FP_FirstPerson.upack)
[2022.02.03-10.07.16:594][  0]LogPakFile: OnPakFileMounted2Time == 0.000107
[2022.02.03-10.07.16:595][  0]LogPakFile: PakFile PrimaryIndexSize=189
[2022.02.03-10.07.16:595][  0]LogPakFile: PakFile PathHashIndexSize=101
[2022.02.03-10.07.16:595][  0]LogPakFile: PakFile FullDirectoryIndexSize=152
[2022.02.03-10.07.16:595][  0]LogShaderLibrary: Display: ShaderCodeLibraryPakFileMountedCallback: PakFile 'C:/Program Files/Epic Games/UE_4.27/FeaturePacks/FP_FirstPersonBP.upack' (chunk index -1, root 'root:/') mounted
[2022.02.03-10.07.16:595][  0]LogShaderLibrary: Display: ShaderCodeLibraryPakFileMountedCallback: pending pak file info (ChunkID:-1 Root:root:/ File:C:/Program Files/Epic Games/UE_4.27/FeaturePacks/FP_FirstPersonBP.upack)
[2022.02.03-10.07.16:595][  0]LogPakFile: OnPakFileMounted2Time == 0.000055
[2022.02.03-10.07.16:595][  0]LogPakFile: PakFile PrimaryIndexSize=191
[2022.02.03-10.07.16:595][  0]LogPakFile: PakFile PathHashIndexSize=101
[2022.02.03-10.07.16:595][  0]LogPakFile: PakFile FullDirectoryIndexSize=160
[2022.02.03-10.07.16:595][  0]LogShaderLibrary: Display: ShaderCodeLibraryPakFileMountedCallback: PakFile 'C:/Program Files/Epic Games/UE_4.27/FeaturePacks/MobileStarterContent.upack' (chunk index -1, root 'root:/') mounted
[2022.02.03-10.07.16:595][  0]LogShaderLibrary: Display: ShaderCodeLibraryPakFileMountedCallback: pending pak file info (ChunkID:-1 Root:root:/ File:C:/Program Files/Epic Games/UE_4.27/FeaturePacks/MobileStarterContent.upack)
[2022.02.03-10.07.16:595][  0]LogPakFile: OnPakFileMounted2Time == 0.000047
[2022.02.03-10.07.16:596][  0]LogPakFile: PakFile PrimaryIndexSize=185
[2022.02.03-10.07.16:596][  0]LogPakFile: PakFile PathHashIndexSize=101
[2022.02.03-10.07.16:596][  0]LogPakFile: PakFile FullDirectoryIndexSize=148
[2022.02.03-10.07.16:596][  0]LogShaderLibrary: Display: ShaderCodeLibraryPakFileMountedCallback: PakFile 'C:/Program Files/Epic Games/UE_4.27/FeaturePacks/StarterContent.upack' (chunk index -1, root 'root:/') mounted
[2022.02.03-10.07.16:596][  0]LogShaderLibrary: Display: ShaderCodeLibraryPakFileMountedCallback: pending pak file info (ChunkID:-1 Root:root:/ File:C:/Program Files/Epic Games/UE_4.27/FeaturePacks/StarterContent.upack)
[2022.02.03-10.07.16:596][  0]LogPakFile: OnPakFileMounted2Time == 0.000031
[2022.02.03-10.07.16:597][  0]LogPakFile: PakFile PrimaryIndexSize=190
[2022.02.03-10.07.16:597][  0]LogPakFile: PakFile PathHashIndexSize=101
[2022.02.03-10.07.16:597][  0]LogPakFile: PakFile FullDirectoryIndexSize=154
[2022.02.03-10.07.16:597][  0]LogShaderLibrary: Display: ShaderCodeLibraryPakFileMountedCallback: PakFile 'C:/Program Files/Epic Games/UE_4.27/FeaturePacks/TP_2DSideScroller.upack' (chunk index -1, root 'root:/') mounted
[2022.02.03-10.07.16:597][  0]LogShaderLibrary: Display: ShaderCodeLibraryPakFileMountedCallback: pending pak file info (ChunkID:-1 Root:root:/ File:C:/Program Files/Epic Games/UE_4.27/FeaturePacks/TP_2DSideScroller.upack)
[2022.02.03-10.07.16:597][  0]LogPakFile: OnPakFileMounted2Time == 0.000031
[2022.02.03-10.07.16:597][  0]LogPakFile: PakFile PrimaryIndexSize=192
[2022.02.03-10.07.16:597][  0]LogPakFile: PakFile PathHashIndexSize=101
[2022.02.03-10.07.16:597][  0]LogPakFile: PakFile FullDirectoryIndexSize=158
[2022.02.03-10.07.16:597][  0]LogShaderLibrary: Display: ShaderCodeLibraryPakFileMountedCallback: PakFile 'C:/Program Files/Epic Games/UE_4.27/FeaturePacks/TP_2DSideScrollerBP.upack' (chunk index -1, root 'root:/') mounted
[2022.02.03-10.07.16:597][  0]LogShaderLibrary: Display: ShaderCodeLibraryPakFileMountedCallback: pending pak file info (ChunkID:-1 Root:root:/ File:C:/Program Files/Epic Games/UE_4.27/FeaturePacks/TP_2DSideScrollerBP.upack)
[2022.02.03-10.07.16:598][  0]LogPakFile: OnPakFileMounted2Time == 0.000068
[2022.02.03-10.07.16:598][  0]LogPakFile: PakFile PrimaryIndexSize=182
[2022.02.03-10.07.16:598][  0]LogPakFile: PakFile PathHashIndexSize=101
[2022.02.03-10.07.16:598][  0]LogPakFile: PakFile FullDirectoryIndexSize=138
[2022.02.03-10.07.16:598][  0]LogShaderLibrary: Display: ShaderCodeLibraryPakFileMountedCallback: PakFile 'C:/Program Files/Epic Games/UE_4.27/FeaturePacks/TP_Flying.upack' (chunk index -1, root 'root:/') mounted
[2022.02.03-10.07.16:598][  0]LogShaderLibrary: Display: ShaderCodeLibraryPakFileMountedCallback: pending pak file info (ChunkID:-1 Root:root:/ File:C:/Program Files/Epic Games/UE_4.27/FeaturePacks/TP_Flying.upack)
[2022.02.03-10.07.16:598][  0]LogPakFile: OnPakFileMounted2Time == 0.000026
[2022.02.03-10.07.16:598][  0]LogPakFile: PakFile PrimaryIndexSize=184
[2022.02.03-10.07.16:598][  0]LogPakFile: PakFile PathHashIndexSize=101
[2022.02.03-10.07.16:599][  0]LogPakFile: PakFile FullDirectoryIndexSize=142
[2022.02.03-10.07.16:599][  0]LogShaderLibrary: Display: ShaderCodeLibraryPakFileMountedCallback: PakFile 'C:/Program Files/Epic Games/UE_4.27/FeaturePacks/TP_FlyingBP.upack' (chunk index -1, root 'root:/') mounted
[2022.02.03-10.07.16:599][  0]LogShaderLibrary: Display: ShaderCodeLibraryPakFileMountedCallback: pending pak file info (ChunkID:-1 Root:root:/ File:C:/Program Files/Epic Games/UE_4.27/FeaturePacks/TP_FlyingBP.upack)
[2022.02.03-10.07.16:599][  0]LogPakFile: OnPakFileMounted2Time == 0.000027
[2022.02.03-10.07.16:599][  0]LogPakFile: PakFile PrimaryIndexSize=188
[2022.02.03-10.07.16:599][  0]LogPakFile: PakFile PathHashIndexSize=101
[2022.02.03-10.07.16:599][  0]LogPakFile: PakFile FullDirectoryIndexSize=150
[2022.02.03-10.07.16:599][  0]LogShaderLibrary: Display: ShaderCodeLibraryPakFileMountedCallback: PakFile 'C:/Program Files/Epic Games/UE_4.27/FeaturePacks/TP_HandheldARBP.upack' (chunk index -1, root 'root:/') mounted
[2022.02.03-10.07.16:599][  0]LogShaderLibrary: Display: ShaderCodeLibraryPakFileMountedCallback: pending pak file info (ChunkID:-1 Root:root:/ File:C:/Program Files/Epic Games/UE_4.27/FeaturePacks/TP_HandheldARBP.upack)
[2022.02.03-10.07.16:599][  0]LogPakFile: OnPakFileMounted2Time == 0.000027
[2022.02.03-10.07.16:600][  0]LogPakFile: PakFile PrimaryIndexSize=182
[2022.02.03-10.07.16:600][  0]LogPakFile: PakFile PathHashIndexSize=101
[2022.02.03-10.07.16:600][  0]LogPakFile: PakFile FullDirectoryIndexSize=138
[2022.02.03-10.07.16:600][  0]LogShaderLibrary: Display: ShaderCodeLibraryPakFileMountedCallback: PakFile 'C:/Program Files/Epic Games/UE_4.27/FeaturePacks/TP_Puzzle.upack' (chunk index -1, root 'root:/') mounted
[2022.02.03-10.07.16:600][  0]LogShaderLibrary: Display: ShaderCodeLibraryPakFileMountedCallback: pending pak file info (ChunkID:-1 Root:root:/ File:C:/Program Files/Epic Games/UE_4.27/FeaturePacks/TP_Puzzle.upack)
[2022.02.03-10.07.16:600][  0]LogPakFile: OnPakFileMounted2Time == 0.000027
[2022.02.03-10.07.16:600][  0]LogPakFile: PakFile PrimaryIndexSize=184
[2022.02.03-10.07.16:600][  0]LogPakFile: PakFile PathHashIndexSize=101
[2022.02.03-10.07.16:600][  0]LogPakFile: PakFile FullDirectoryIndexSize=142
[2022.02.03-10.07.16:600][  0]LogShaderLibrary: Display: ShaderCodeLibraryPakFileMountedCallback: PakFile 'C:/Program Files/Epic Games/UE_4.27/FeaturePacks/TP_PuzzleBP.upack' (chunk index -1, root 'root:/') mounted
[2022.02.03-10.07.16:600][  0]LogShaderLibrary: Display: ShaderCodeLibraryPakFileMountedCallback: pending pak file info (ChunkID:-1 Root:root:/ File:C:/Program Files/Epic Games/UE_4.27/FeaturePacks/TP_PuzzleBP.upack)
[2022.02.03-10.07.16:600][  0]LogPakFile: OnPakFileMounted2Time == 0.000042
[2022.02.03-10.07.16:601][  0]LogPakFile: PakFile PrimaryIndexSize=183
[2022.02.03-10.07.16:601][  0]LogPakFile: PakFile PathHashIndexSize=101
[2022.02.03-10.07.16:601][  0]LogPakFile: PakFile FullDirectoryIndexSize=140
[2022.02.03-10.07.16:601][  0]LogShaderLibrary: Display: ShaderCodeLibraryPakFileMountedCallback: PakFile 'C:/Program Files/Epic Games/UE_4.27/FeaturePacks/TP_Rolling.upack' (chunk index -1, root 'root:/') mounted
[2022.02.03-10.07.16:601][  0]LogShaderLibrary: Display: ShaderCodeLibraryPakFileMountedCallback: pending pak file info (ChunkID:-1 Root:root:/ File:C:/Program Files/Epic Games/UE_4.27/FeaturePacks/TP_Rolling.upack)
[2022.02.03-10.07.16:601][  0]LogPakFile: OnPakFileMounted2Time == 0.000050
[2022.02.03-10.07.16:601][  0]LogPakFile: PakFile PrimaryIndexSize=185
[2022.02.03-10.07.16:601][  0]LogPakFile: PakFile PathHashIndexSize=101
[2022.02.03-10.07.16:601][  0]LogPakFile: PakFile FullDirectoryIndexSize=144
[2022.02.03-10.07.16:601][  0]LogShaderLibrary: Display: ShaderCodeLibraryPakFileMountedCallback: PakFile 'C:/Program Files/Epic Games/UE_4.27/FeaturePacks/TP_RollingBP.upack' (chunk index -1, root 'root:/') mounted
[2022.02.03-10.07.16:601][  0]LogShaderLibrary: Display: ShaderCodeLibraryPakFileMountedCallback: pending pak file info (ChunkID:-1 Root:root:/ File:C:/Program Files/Epic Games/UE_4.27/FeaturePacks/TP_RollingBP.upack)
[2022.02.03-10.07.16:601][  0]LogPakFile: OnPakFileMounted2Time == 0.000029
[2022.02.03-10.07.16:602][  0]LogPakFile: PakFile PrimaryIndexSize=188
[2022.02.03-10.07.16:602][  0]LogPakFile: PakFile PathHashIndexSize=101
[2022.02.03-10.07.16:602][  0]LogPakFile: PakFile FullDirectoryIndexSize=150
[2022.02.03-10.07.16:602][  0]LogShaderLibrary: Display: ShaderCodeLibraryPakFileMountedCallback: PakFile 'C:/Program Files/Epic Games/UE_4.27/FeaturePacks/TP_SideScroller.upack' (chunk index -1, root 'root:/') mounted
[2022.02.03-10.07.16:602][  0]LogShaderLibrary: Display: ShaderCodeLibraryPakFileMountedCallback: pending pak file info (ChunkID:-1 Root:root:/ File:C:/Program Files/Epic Games/UE_4.27/FeaturePacks/TP_SideScroller.upack)
[2022.02.03-10.07.16:602][  0]LogPakFile: OnPakFileMounted2Time == 0.000040
[2022.02.03-10.07.16:603][  0]LogPakFile: PakFile PrimaryIndexSize=190
[2022.02.03-10.07.16:603][  0]LogPakFile: PakFile PathHashIndexSize=101
[2022.02.03-10.07.16:603][  0]LogPakFile: PakFile FullDirectoryIndexSize=154
[2022.02.03-10.07.16:603][  0]LogShaderLibrary: Display: ShaderCodeLibraryPakFileMountedCallback: PakFile 'C:/Program Files/Epic Games/UE_4.27/FeaturePacks/TP_SideScrollerBP.upack' (chunk index -1, root 'root:/') mounted
[2022.02.03-10.07.16:603][  0]LogShaderLibrary: Display: ShaderCodeLibraryPakFileMountedCallback: pending pak file info (ChunkID:-1 Root:root:/ File:C:/Program Files/Epic Games/UE_4.27/FeaturePacks/TP_SideScrollerBP.upack)
[2022.02.03-10.07.16:603][  0]LogPakFile: OnPakFileMounted2Time == 0.000025
[2022.02.03-10.07.16:603][  0]LogPakFile: PakFile PrimaryIndexSize=187
[2022.02.03-10.07.16:603][  0]LogPakFile: PakFile PathHashIndexSize=101
[2022.02.03-10.07.16:603][  0]LogPakFile: PakFile FullDirectoryIndexSize=148
[2022.02.03-10.07.16:603][  0]LogShaderLibrary: Display: ShaderCodeLibraryPakFileMountedCallback: PakFile 'C:/Program Files/Epic Games/UE_4.27/FeaturePacks/TP_ThirdPerson.upack' (chunk index -1, root 'root:/') mounted
[2022.02.03-10.07.16:603][  0]LogShaderLibrary: Display: ShaderCodeLibraryPakFileMountedCallback: pending pak file info (ChunkID:-1 Root:root:/ File:C:/Program Files/Epic Games/UE_4.27/FeaturePacks/TP_ThirdPerson.upack)
[2022.02.03-10.07.16:603][  0]LogPakFile: OnPakFileMounted2Time == 0.000029
[2022.02.03-10.07.16:604][  0]LogPakFile: PakFile PrimaryIndexSize=189
[2022.02.03-10.07.16:604][  0]LogPakFile: PakFile PathHashIndexSize=101
[2022.02.03-10.07.16:604][  0]LogPakFile: PakFile FullDirectoryIndexSize=152
[2022.02.03-10.07.16:604][  0]LogShaderLibrary: Display: ShaderCodeLibraryPakFileMountedCallback: PakFile 'C:/Program Files/Epic Games/UE_4.27/FeaturePacks/TP_ThirdPersonBP.upack' (chunk index -1, root 'root:/') mounted
[2022.02.03-10.07.16:604][  0]LogShaderLibrary: Display: ShaderCodeLibraryPakFileMountedCallback: pending pak file info (ChunkID:-1 Root:root:/ File:C:/Program Files/Epic Games/UE_4.27/FeaturePacks/TP_ThirdPersonBP.upack)
[2022.02.03-10.07.16:604][  0]LogPakFile: OnPakFileMounted2Time == 0.000044
[2022.02.03-10.07.16:604][  0]LogPakFile: PakFile PrimaryIndexSize=183
[2022.02.03-10.07.16:604][  0]LogPakFile: PakFile PathHashIndexSize=101
[2022.02.03-10.07.16:604][  0]LogPakFile: PakFile FullDirectoryIndexSize=140
[2022.02.03-10.07.16:604][  0]LogShaderLibrary: Display: ShaderCodeLibraryPakFileMountedCallback: PakFile 'C:/Program Files/Epic Games/UE_4.27/FeaturePacks/TP_TopDown.upack' (chunk index -1, root 'root:/') mounted
[2022.02.03-10.07.16:604][  0]LogShaderLibrary: Display: ShaderCodeLibraryPakFileMountedCallback: pending pak file info (ChunkID:-1 Root:root:/ File:C:/Program Files/Epic Games/UE_4.27/FeaturePacks/TP_TopDown.upack)
[2022.02.03-10.07.16:604][  0]LogPakFile: OnPakFileMounted2Time == 0.000036
[2022.02.03-10.07.16:605][  0]LogPakFile: PakFile PrimaryIndexSize=185
[2022.02.03-10.07.16:605][  0]LogPakFile: PakFile PathHashIndexSize=101
[2022.02.03-10.07.16:605][  0]LogPakFile: PakFile FullDirectoryIndexSize=144
[2022.02.03-10.07.16:605][  0]LogShaderLibrary: Display: ShaderCodeLibraryPakFileMountedCallback: PakFile 'C:/Program Files/Epic Games/UE_4.27/FeaturePacks/TP_TopDownBP.upack' (chunk index -1, root 'root:/') mounted
[2022.02.03-10.07.16:605][  0]LogShaderLibrary: Display: ShaderCodeLibraryPakFileMountedCallback: pending pak file info (ChunkID:-1 Root:root:/ File:C:/Program Files/Epic Games/UE_4.27/FeaturePacks/TP_TopDownBP.upack)
[2022.02.03-10.07.16:605][  0]LogPakFile: OnPakFileMounted2Time == 0.000049
[2022.02.03-10.07.16:606][  0]LogPakFile: PakFile PrimaryIndexSize=185
[2022.02.03-10.07.16:606][  0]LogPakFile: PakFile PathHashIndexSize=101
[2022.02.03-10.07.16:606][  0]LogPakFile: PakFile FullDirectoryIndexSize=144
[2022.02.03-10.07.16:606][  0]LogShaderLibrary: Display: ShaderCodeLibraryPakFileMountedCallback: PakFile 'C:/Program Files/Epic Games/UE_4.27/FeaturePacks/TP_TwinStick.upack' (chunk index -1, root 'root:/') mounted
[2022.02.03-10.07.16:606][  0]LogShaderLibrary: Display: ShaderCodeLibraryPakFileMountedCallback: pending pak file info (ChunkID:-1 Root:root:/ File:C:/Program Files/Epic Games/UE_4.27/FeaturePacks/TP_TwinStick.upack)
[2022.02.03-10.07.16:606][  0]LogPakFile: OnPakFileMounted2Time == 0.000080
[2022.02.03-10.07.16:606][  0]LogPakFile: PakFile PrimaryIndexSize=187
[2022.02.03-10.07.16:606][  0]LogPakFile: PakFile PathHashIndexSize=101
[2022.02.03-10.07.16:606][  0]LogPakFile: PakFile FullDirectoryIndexSize=148
[2022.02.03-10.07.16:606][  0]LogShaderLibrary: Display: ShaderCodeLibraryPakFileMountedCallback: PakFile 'C:/Program Files/Epic Games/UE_4.27/FeaturePacks/TP_TwinStickBP.upack' (chunk index -1, root 'root:/') mounted
[2022.02.03-10.07.16:606][  0]LogShaderLibrary: Display: ShaderCodeLibraryPakFileMountedCallback: pending pak file info (ChunkID:-1 Root:root:/ File:C:/Program Files/Epic Games/UE_4.27/FeaturePacks/TP_TwinStickBP.upack)
[2022.02.03-10.07.16:606][  0]LogPakFile: OnPakFileMounted2Time == 0.000062
[2022.02.03-10.07.16:607][  0]LogPakFile: PakFile PrimaryIndexSize=183
[2022.02.03-10.07.16:607][  0]LogPakFile: PakFile PathHashIndexSize=101
[2022.02.03-10.07.16:607][  0]LogPakFile: PakFile FullDirectoryIndexSize=140
[2022.02.03-10.07.16:607][  0]LogShaderLibrary: Display: ShaderCodeLibraryPakFileMountedCallback: PakFile 'C:/Program Files/Epic Games/UE_4.27/FeaturePacks/TP_Vehicle.upack' (chunk index -1, root 'root:/') mounted
[2022.02.03-10.07.16:607][  0]LogShaderLibrary: Display: ShaderCodeLibraryPakFileMountedCallback: pending pak file info (ChunkID:-1 Root:root:/ File:C:/Program Files/Epic Games/UE_4.27/FeaturePacks/TP_Vehicle.upack)
[2022.02.03-10.07.16:607][  0]LogPakFile: OnPakFileMounted2Time == 0.000027
[2022.02.03-10.07.16:607][  0]LogPakFile: PakFile PrimaryIndexSize=186
[2022.02.03-10.07.16:607][  0]LogPakFile: PakFile PathHashIndexSize=101
[2022.02.03-10.07.16:607][  0]LogPakFile: PakFile FullDirectoryIndexSize=146
[2022.02.03-10.07.16:607][  0]LogShaderLibrary: Display: ShaderCodeLibraryPakFileMountedCallback: PakFile 'C:/Program Files/Epic Games/UE_4.27/FeaturePacks/TP_VehicleAdv.upack' (chunk index -1, root 'root:/') mounted
[2022.02.03-10.07.16:607][  0]LogShaderLibrary: Display: ShaderCodeLibraryPakFileMountedCallback: pending pak file info (ChunkID:-1 Root:root:/ File:C:/Program Files/Epic Games/UE_4.27/FeaturePacks/TP_VehicleAdv.upack)
[2022.02.03-10.07.16:607][  0]LogPakFile: OnPakFileMounted2Time == 0.000026
[2022.02.03-10.07.16:608][  0]LogPakFile: PakFile PrimaryIndexSize=188
[2022.02.03-10.07.16:608][  0]LogPakFile: PakFile PathHashIndexSize=101
[2022.02.03-10.07.16:608][  0]LogPakFile: PakFile FullDirectoryIndexSize=150
[2022.02.03-10.07.16:608][  0]LogShaderLibrary: Display: ShaderCodeLibraryPakFileMountedCallback: PakFile 'C:/Program Files/Epic Games/UE_4.27/FeaturePacks/TP_VehicleAdvBP.upack' (chunk index -1, root 'root:/') mounted
[2022.02.03-10.07.16:608][  0]LogShaderLibrary: Display: ShaderCodeLibraryPakFileMountedCallback: pending pak file info (ChunkID:-1 Root:root:/ File:C:/Program Files/Epic Games/UE_4.27/FeaturePacks/TP_VehicleAdvBP.upack)
[2022.02.03-10.07.16:608][  0]LogPakFile: OnPakFileMounted2Time == 0.000063
[2022.02.03-10.07.16:609][  0]LogPakFile: PakFile PrimaryIndexSize=185
[2022.02.03-10.07.16:609][  0]LogPakFile: PakFile PathHashIndexSize=101
[2022.02.03-10.07.16:609][  0]LogPakFile: PakFile FullDirectoryIndexSize=144
[2022.02.03-10.07.16:609][  0]LogShaderLibrary: Display: ShaderCodeLibraryPakFileMountedCallback: PakFile 'C:/Program Files/Epic Games/UE_4.27/FeaturePacks/TP_VehicleBP.upack' (chunk index -1, root 'root:/') mounted
[2022.02.03-10.07.16:609][  0]LogShaderLibrary: Display: ShaderCodeLibraryPakFileMountedCallback: pending pak file info (ChunkID:-1 Root:root:/ File:C:/Program Files/Epic Games/UE_4.27/FeaturePacks/TP_VehicleBP.upack)
[2022.02.03-10.07.16:609][  0]LogPakFile: OnPakFileMounted2Time == 0.000033
[2022.02.03-10.07.16:609][  0]LogPakFile: PakFile PrimaryIndexSize=192
[2022.02.03-10.07.16:610][  0]LogPakFile: PakFile PathHashIndexSize=101
[2022.02.03-10.07.16:610][  0]LogPakFile: PakFile FullDirectoryIndexSize=158
[2022.02.03-10.07.16:610][  0]LogShaderLibrary: Display: ShaderCodeLibraryPakFileMountedCallback: PakFile 'C:/Program Files/Epic Games/UE_4.27/FeaturePacks/TP_VirtualRealityBP.upack' (chunk index -1, root 'root:/') mounted
[2022.02.03-10.07.16:610][  0]LogShaderLibrary: Display: ShaderCodeLibraryPakFileMountedCallback: pending pak file info (ChunkID:-1 Root:root:/ File:C:/Program Files/Epic Games/UE_4.27/FeaturePacks/TP_VirtualRealityBP.upack)
[2022.02.03-10.07.16:610][  0]LogPakFile: OnPakFileMounted2Time == 0.000026
[2022.02.03-10.07.16:658][  0]LogNativeClassHierarchy: Verbose: Native class hierarchy updated for 'AddContentDialog' in 0.0003 seconds. Added 0 classes and 0 folders.
[2022.02.03-10.07.16:659][  0]LogNativeClassHierarchy: Verbose: Native class hierarchy updated for 'SceneOutliner' in 0.0003 seconds. Added 2 classes and 0 folders.
[2022.02.03-10.07.16:806][  0]LogSlate: Took 0.000424 seconds to synchronously load lazily loaded font '../../../Engine/Content/Slate/Fonts/Roboto-Regular.ttf' (155K)
[2022.02.03-10.07.16:807][  0]LogSlate: Took 0.000161 seconds to synchronously load lazily loaded font '../../../Engine/Content/Editor/Slate/Fonts/FontAwesome.ttf' (139K)
[2022.02.03-10.07.16:810][  0]LogSlate: Took 0.000215 seconds to synchronously load lazily loaded font '../../../Engine/Content/Slate/Fonts/Roboto-Bold.ttf' (160K)
[2022.02.03-10.07.16:900][  0]LogRenderer: Reallocating scene render targets to support 1104x428 Format 10 NumSamples 1 (Frame:1).
[2022.02.03-10.07.17:094][  0]LogNativeClassHierarchy: Verbose: Native class hierarchy updated for 'HierarchicalLODOutliner' in 0.0003 seconds. Added 0 classes and 0 folders.
[2022.02.03-10.07.17:094][  0]LogLoad: (Engine Initialization) Total time: 10.84 seconds
[2022.02.03-10.07.17:094][  0]LogLoad: (Engine Initialization) Total Blueprint compile time: 0.00 seconds
[2022.02.03-10.07.17:155][  0]LogAssetRegistry: Asset discovery search completed in 6.7860 seconds
[2022.02.03-10.07.17:160][  0]LogCollectionManager: Fixed up redirectors for 0 collections in 0.000003 seconds (updated 0 objects)
[2022.02.03-10.07.17:162][  0]LogContentStreaming: Texture pool size now 1000 MB
[2022.02.03-10.07.17:313][  3]LogSlate: Took 0.000152 seconds to synchronously load lazily loaded font '../../../Engine/Content/Slate/Fonts/Roboto-Light.ttf' (167K)
[2022.02.03-10.07.18:196][ 19]LogSlate: Took 0.000252 seconds to synchronously load lazily loaded font '../../../Engine/Content/Slate/Fonts/Roboto-Light.ttf' (167K)
[2022.02.03-10.11.30:496][ 52]Cmd: CLOSE_SLATE_MAINFRAME
[2022.02.03-10.11.30:505][ 52]LogUObjectHash: Compacting FUObjectHashTables data took   1.50ms
[2022.02.03-10.11.30:538][ 52]LogSlate: Window 'Plugins' being destroyed
[2022.02.03-10.11.30:560][ 52]LogDirectoryWatcher: A directory notification for '../../../Engine/Plugins/' was aborted.
[2022.02.03-10.11.30:565][ 52]LogSlate: Window 'BIMData - Unreal Editor' being destroyed
[2022.02.03-10.11.30:786][ 53]Cmd: QUIT_EDITOR
[2022.02.03-10.11.30:786][ 53]LogCore: Engine exit requested (reason: UUnrealEdEngine::CloseEditor())
[2022.02.03-10.11.30:798][ 53]LogCore: Engine exit requested (reason: EngineExit() was called; note: exit was already requested)
[2022.02.03-10.11.30:801][ 53]LogAudio: Display: Beginning Audio Device Manager Shutdown (Module: AudioMixerXAudio2)...
[2022.02.03-10.11.30:801][ 53]LogAudio: Display: Destroying 1 Remaining Audio Device(s)...
[2022.02.03-10.11.30:802][ 53]LogAudio: Display: Audio Device unregistered from world 'FirstPersonExampleMap'.
[2022.02.03-10.11.30:802][ 53]LogAudioMixer: FMixerPlatformXAudio2::StopAudioStream() called
[2022.02.03-10.11.30:804][ 53]LogAudioMixer: FMixerPlatformXAudio2::StopAudioStream() called
[2022.02.03-10.11.30:882][ 53]LogAudio: Display: Audio Device Manager Shutdown
[2022.02.03-10.11.30:884][ 53]LogWindowsTextInputMethodSystem: Display: IME system deactivated.
[2022.02.03-10.11.30:892][ 53]LogExit: Preparing to exit.
[2022.02.03-10.11.31:145][ 53]LogUObjectHash: Compacting FUObjectHashTables data took   0.99ms
[2022.02.03-10.11.31:274][ 53]LogDemo: Cleaned up 0 splitscreen connections with owner deletion
[2022.02.03-10.11.31:282][ 53]LogExit: Transaction tracking system shut down
[2022.02.03-10.11.31:291][ 53]LogExit: Editor shut down
[2022.02.03-10.11.31:567][ 53]LogExit: Object subsystem successfully closed.
[2022.02.03-10.11.31:618][ 53]LogShaderCompilers: Display: === FShaderJobCache stats ===
[2022.02.03-10.11.31:618][ 53]LogShaderCompilers: Display: Total job queries 0, among them cache hits 0 (0.00%)
[2022.02.03-10.11.31:618][ 53]LogShaderCompilers: Display: Tracking 0 distinct input hashes that result in 0 distinct outputs (0.00%)
[2022.02.03-10.11.31:618][ 53]LogShaderCompilers: Display: RAM used: 0.00 MB (0.00 GB) of 1638.40 MB (1.60 GB) budget. Usage: 0.00%
[2022.02.03-10.11.31:618][ 53]LogShaderCompilers: Display: ================================================
[2022.02.03-10.11.31:637][ 53]LogShaderCompilers: Display: Shaders left to compile 0
[2022.02.03-10.11.31:682][ 53]LogModuleManager: Shutting down and abandoning module HierarchicalLODOutliner (954)
[2022.02.03-10.11.31:682][ 53]LogModuleManager: Shutting down and abandoning module SceneOutliner (952)
[2022.02.03-10.11.31:682][ 53]LogModuleManager: Shutting down and abandoning module AddContentDialog (950)
[2022.02.03-10.11.31:682][ 53]LogModuleManager: Shutting down and abandoning module WidgetCarousel (949)
[2022.02.03-10.11.31:682][ 53]LogModuleManager: Shutting down and abandoning module EditorWidgets (946)
[2022.02.03-10.11.31:682][ 53]LogModuleManager: Shutting down and abandoning module StatsViewer (944)
[2022.02.03-10.11.31:682][ 53]LogModuleManager: Shutting down and abandoning module PIEPreviewDeviceProfileSelector (942)
[2022.02.03-10.11.31:682][ 53]LogModuleManager: Shutting down and abandoning module SequenceRecorderSections (940)
[2022.02.03-10.11.31:682][ 53]LogModuleManager: Shutting down and abandoning module AutomationWorker (938)
[2022.02.03-10.11.31:682][ 53]LogModuleManager: Shutting down and abandoning module SteamVREditor (936)
[2022.02.03-10.11.31:682][ 53]LogModuleManager: Shutting down and abandoning module OculusMR (934)
[2022.02.03-10.11.31:682][ 53]LogModuleManager: Shutting down and abandoning module TakeRecorderSources (932)
[2022.02.03-10.11.31:683][ 53]LogModuleManager: Shutting down and abandoning module TakeRecorder (931)
[2022.02.03-10.11.31:683][ 53]LogModuleManager: Shutting down and abandoning module TakeTrackRecorders (928)
[2022.02.03-10.11.31:683][ 53]LogModuleManager: Shutting down and abandoning module TakesCore (926)
[2022.02.03-10.11.31:683][ 53]LogModuleManager: Shutting down and abandoning module OpenXRInput (924)
[2022.02.03-10.11.31:683][ 53]LogModuleManager: Shutting down and abandoning module GooglePADEditor (922)
[2022.02.03-10.11.31:683][ 53]LogModuleManager: Shutting down and abandoning module AudioCaptureEditor (920)
[2022.02.03-10.11.31:683][ 53]LogModuleManager: Shutting down and abandoning module TemplateSequenceEditor (918)
[2022.02.03-10.11.31:683][ 53]LogModuleManager: Shutting down and abandoning module LevelSequenceEditor (916)
[2022.02.03-10.11.31:683][ 53]LogModuleManager: Shutting down and abandoning module MatineeToLevelSequence (914)
[2022.02.03-10.11.31:683][ 53]LogModuleManager: Shutting down and abandoning module ActorSequenceEditor (912)
[2022.02.03-10.11.31:683][ 53]LogModuleManager: Shutting down and abandoning module WebMMediaFactory (910)
[2022.02.03-10.11.31:683][ 53]LogModuleManager: Shutting down and abandoning module WebMMediaEditor (908)
[2022.02.03-10.11.31:683][ 53]LogModuleManager: Shutting down and abandoning module WebMMedia (906)
[2022.02.03-10.11.31:683][ 53]LogModuleManager: Shutting down and abandoning module WmfMediaFactory (904)
[2022.02.03-10.11.31:683][ 53]LogModuleManager: Shutting down and abandoning module WmfMediaEditor (902)
[2022.02.03-10.11.31:683][ 53]LogModuleManager: Shutting down and abandoning module MediaPlayerEditor (900)
[2022.02.03-10.11.31:683][ 53]LogModuleManager: Shutting down and abandoning module MediaCompositingEditor (898)
[2022.02.03-10.11.31:683][ 53]LogModuleManager: Shutting down and abandoning module SequenceRecorder (897)
[2022.02.03-10.11.31:683][ 53]LogModuleManager: Shutting down and abandoning module OpenExrWrapper (894)
[2022.02.03-10.11.31:683][ 53]LogModuleManager: Shutting down and abandoning module ImgMediaFactory (892)
[2022.02.03-10.11.31:683][ 53]LogModuleManager: Shutting down and abandoning module ImgMediaEditor (890)
[2022.02.03-10.11.31:683][ 53]LogModuleManager: Shutting down and abandoning module AvfMediaFactory (888)
[2022.02.03-10.11.31:683][ 53]LogModuleManager: Shutting down and abandoning module AvfMediaEditor (886)
[2022.02.03-10.11.31:683][ 53]LogModuleManager: Shutting down and abandoning module AndroidMediaFactory (884)
[2022.02.03-10.11.31:683][ 53]LogModuleManager: Shutting down and abandoning module AndroidMediaEditor (882)
[2022.02.03-10.11.31:683][ 53]LogModuleManager: Shutting down and abandoning module MagicLeapMediaCodecFactory (880)
[2022.02.03-10.11.31:683][ 53]LogModuleManager: Shutting down and abandoning module MagicLeapMediaFactory (878)
[2022.02.03-10.11.31:683][ 53]LogModuleManager: Shutting down and abandoning module MagicLeapMediaEditor (876)
[2022.02.03-10.11.31:683][ 53]LogModuleManager: Shutting down and abandoning module PlanarCut (874)
[2022.02.03-10.11.31:683][ 53]LogModuleManager: Shutting down and abandoning module CharacterAI (872)
[2022.02.03-10.11.31:684][ 53]LogModuleManager: Shutting down and abandoning module DatasmithFBXTranslator (870)
[2022.02.03-10.11.31:684][ 53]LogModuleManager: Shutting down and abandoning module DatasmithDeltaGenTranslator (868)
[2022.02.03-10.11.31:684][ 53]LogModuleManager: Shutting down and abandoning module DatasmithVREDTranslator (866)
[2022.02.03-10.11.31:684][ 53]LogModuleManager: Shutting down and abandoning module TextureAlignMode (864)
[2022.02.03-10.11.31:684][ 53]LogModuleManager: Shutting down and abandoning module BspMode (862)
[2022.02.03-10.11.31:684][ 53]LogModuleManager: Shutting down and abandoning module GeometryMode (860)
[2022.02.03-10.11.31:684][ 53]LogModuleManager: Shutting down and abandoning module CameraShakePreviewer (858)
[2022.02.03-10.11.31:684][ 53]LogModuleManager: Shutting down and abandoning module SmartSnapping (856)
[2022.02.03-10.11.31:684][ 53]LogModuleManager: Shutting down and abandoning module SessionServices (854)
[2022.02.03-10.11.31:684][ 53]LogModuleManager: Shutting down and abandoning module MeshPaint (852)
[2022.02.03-10.11.31:684][ 53]LogModuleManager: Shutting down and abandoning module VirtualTexturingEditor (850)
[2022.02.03-10.11.31:684][ 53]LogModuleManager: Shutting down and abandoning module FoliageEdit (848)
[2022.02.03-10.11.31:684][ 53]LogModuleManager: Shutting down and abandoning module LandscapeEditor (846)
[2022.02.03-10.11.31:684][ 53]LogModuleManager: Shutting down and abandoning module MeshPaintMode (844)
[2022.02.03-10.11.31:684][ 53]LogModuleManager: Shutting down and abandoning module SceneDepthPickerMode (842)
[2022.02.03-10.11.31:684][ 53]LogModuleManager: Shutting down and abandoning module ActorPickerMode (840)
[2022.02.03-10.11.31:684][ 53]LogModuleManager: Shutting down and abandoning module PlacementMode (838)
[2022.02.03-10.11.31:684][ 53]LogModuleManager: Shutting down and abandoning module ViewportSnapping (836)
[2022.02.03-10.11.31:684][ 53]LogModuleManager: Shutting down and abandoning module ViewportInteraction (834)
[2022.02.03-10.11.31:684][ 53]LogModuleManager: Shutting down and abandoning module ClothPainter (832)
[2022.02.03-10.11.31:684][ 53]LogModuleManager: Shutting down and abandoning module SkeletalMeshEditor (831)
[2022.02.03-10.11.31:684][ 53]LogModuleManager: Shutting down and abandoning module LogVisualizer (828)
[2022.02.03-10.11.31:684][ 53]LogModuleManager: Shutting down and abandoning module IntroTutorials (826)
[2022.02.03-10.11.31:684][ 53]LogModuleManager: Shutting down and abandoning module GameProjectGeneration (825)
[2022.02.03-10.11.31:685][ 53]LogModuleManager: Shutting down and abandoning module LuminPlatformEditor (822)
[2022.02.03-10.11.31:685][ 53]LogModuleManager: Shutting down and abandoning module IOSPlatformEditor (820)
[2022.02.03-10.11.31:685][ 53]LogModuleManager: Shutting down and abandoning module AndroidPlatformEditor (818)
[2022.02.03-10.11.31:685][ 53]LogModuleManager: Shutting down and abandoning module AndroidDeviceDetection (817)
[2022.02.03-10.11.32:763][ 53]LogModuleManager: Shutting down and abandoning module WindowsPlatformEditor (814)
[2022.02.03-10.11.32:763][ 53]LogModuleManager: Shutting down and abandoning module LuminRuntimeSettings (812)
[2022.02.03-10.11.32:763][ 53]LogModuleManager: Shutting down and abandoning module IOSRuntimeSettings (810)
[2022.02.03-10.11.32:763][ 53]LogModuleManager: Shutting down and abandoning module AndroidRuntimeSettings (808)
[2022.02.03-10.11.32:763][ 53]LogModuleManager: Shutting down and abandoning module TraceInsights (806)
[2022.02.03-10.11.32:763][ 53]MemoryProfiler: Shutdown
[2022.02.03-10.11.32:763][ 53]NetworkingProfiler: Shutdown
[2022.02.03-10.11.32:763][ 53]LoadingProfiler: Shutdown
[2022.02.03-10.11.32:763][ 53]TimingProfiler: Shutdown
[2022.02.03-10.11.32:763][ 53]LogModuleManager: Shutting down and abandoning module TraceServices (805)
[2022.02.03-10.11.32:763][ 53]LogModuleManager: Shutting down and abandoning module EditorInteractiveToolsFramework (802)
[2022.02.03-10.11.32:764][ 53]LogModuleManager: Shutting down and abandoning module TimeManagementEditor (800)
[2022.02.03-10.11.32:764][ 53]LogModuleManager: Shutting down and abandoning module InputBindingEditor (798)
[2022.02.03-10.11.32:764][ 53]LogModuleManager: Shutting down and abandoning module MergeActors (796)
[2022.02.03-10.11.32:764][ 53]LogModuleManager: Shutting down and abandoning module LocalizationDashboard (794)
[2022.02.03-10.11.32:764][ 53]LogModuleManager: Shutting down and abandoning module LocalizationService (793)
[2022.02.03-10.11.32:764][ 53]LogModuleManager: Shutting down and abandoning module HardwareTargeting (790)
[2022.02.03-10.11.32:764][ 53]LogModuleManager: Shutting down and abandoning module DeviceProfileEditor (788)
[2022.02.03-10.11.32:764][ 53]LogModuleManager: Shutting down and abandoning module UndoHistory (786)
[2022.02.03-10.11.32:764][ 53]LogModuleManager: Shutting down and abandoning module XmlParser (784)
[2022.02.03-10.11.32:764][ 53]LogModuleManager: Shutting down and abandoning module Blutility (782)
[2022.02.03-10.11.32:764][ 53]LogModuleManager: Shutting down and abandoning module ProjectSettingsViewer (780)
[2022.02.03-10.11.32:764][ 53]LogModuleManager: Shutting down and abandoning module ProjectTargetPlatformEditor (779)
[2022.02.03-10.11.32:764][ 53]LogModuleManager: Shutting down and abandoning module EditorSettingsViewer (776)
[2022.02.03-10.11.32:764][ 53]LogModuleManager: Shutting down and abandoning module InternationalizationSettings (775)
[2022.02.03-10.11.32:764][ 53]LogModuleManager: Shutting down and abandoning module SettingsEditor (772)
[2022.02.03-10.11.32:764][ 53]LogModuleManager: Shutting down and abandoning module ProjectLauncher (770)
[2022.02.03-10.11.32:764][ 53]LogModuleManager: Shutting down and abandoning module SessionFrontend (768)
[2022.02.03-10.11.32:764][ 53]LogModuleManager: Shutting down and abandoning module ProfilerClient (766)
[2022.02.03-10.11.32:764][ 53]LogModuleManager: Shutting down and abandoning module DeviceManager (764)
[2022.02.03-10.11.32:764][ 53]LogModuleManager: Shutting down and abandoning module TargetDeviceServices (763)
[2022.02.03-10.11.32:797][ 53]LogModuleManager: Shutting down and abandoning module AutomationController (760)
[2022.02.03-10.11.32:797][ 53]LogModuleManager: Shutting down and abandoning module AutomationWindow (758)
[2022.02.03-10.11.32:797][ 53]LogModuleManager: Shutting down and abandoning module Layers (756)
[2022.02.03-10.11.32:797][ 53]LogModuleManager: Shutting down and abandoning module ComponentVisualizers (754)
[2022.02.03-10.11.32:797][ 53]LogModuleManager: Shutting down and abandoning module DetailCustomizations (752)
[2022.02.03-10.11.32:797][ 53]LogModuleManager: Shutting down and abandoning module PackagesDialog (750)
[2022.02.03-10.11.32:797][ 53]LogModuleManager: Shutting down and abandoning module AnimationBlueprintEditor (748)
[2022.02.03-10.11.32:797][ 53]LogModuleManager: Shutting down and abandoning module Persona (746)
[2022.02.03-10.11.32:797][ 53]LogModuleManager: Shutting down and abandoning module AnimGraph (745)
[2022.02.03-10.11.32:797][ 53]LogModuleManager: Shutting down and abandoning module Kismet (742)
[2022.02.03-10.11.32:797][ 53]LogModuleManager: Shutting down and abandoning module KismetWidgets (741)
[2022.02.03-10.11.32:797][ 53]LogModuleManager: Shutting down and abandoning module GraphEditor (738)
[2022.02.03-10.11.32:797][ 53]LogModuleManager: Shutting down and abandoning module StructViewer (736)
[2022.02.03-10.11.32:797][ 53]LogModuleManager: Shutting down and abandoning module ClassViewer (734)
[2022.02.03-10.11.32:797][ 53]LogModuleManager: Shutting down and abandoning module Toolbox (732)
[2022.02.03-10.11.32:797][ 53]LogModuleManager: Shutting down and abandoning module ModuleUI (730)
[2022.02.03-10.11.32:797][ 53]LogModuleManager: Shutting down and abandoning module OutputLog (728)
[2022.02.03-10.11.32:798][ 53]LogModuleManager: Shutting down and abandoning module GammaUI (726)
[2022.02.03-10.11.32:798][ 53]LogModuleManager: Shutting down and abandoning module Documentation (724)
[2022.02.03-10.11.32:798][ 53]LogModuleManager: Shutting down and abandoning module LiveCoding (722)
[2022.02.03-10.11.32:798][ 53]LogModuleManager: Shutting down and abandoning module LevelSequence (720)
[2022.02.03-10.11.32:798][ 53]LogModuleManager: Shutting down and abandoning module MovieSceneTracks (718)
[2022.02.03-10.11.32:798][ 53]LogModuleManager: Shutting down and abandoning module MovieScene (716)
[2022.02.03-10.11.32:798][ 53]LogModuleManager: Shutting down and abandoning module StreamingPauseRendering (714)
[2022.02.03-10.11.32:798][ 53]LogModuleManager: Shutting down and abandoning module LauncherPlatform (712)
[2022.02.03-10.11.32:798][ 53]LogModuleManager: Shutting down and abandoning module AnalyticsET (710)
[2022.02.03-10.11.32:798][ 53]LogModuleManager: Shutting down and abandoning module PortalServices (708)
[2022.02.03-10.11.32:798][ 53]LogModuleManager: Shutting down and abandoning module PortalRpc (706)
[2022.02.03-10.11.32:798][ 53]LogModuleManager: Shutting down and abandoning module MessagingRpc (704)
[2022.02.03-10.11.32:798][ 53]LogModuleManager: Shutting down and abandoning module AudioMixerXAudio2 (702)
[2022.02.03-10.11.32:798][ 53]LogModuleManager: Shutting down and abandoning module AudioMixerCore (701)
[2022.02.03-10.11.32:798][ 53]LogModuleManager: Shutting down and abandoning module AIModule (698)
[2022.02.03-10.11.32:798][ 53]LogModuleManager: Shutting down and abandoning module GameplayDebugger (697)
[2022.02.03-10.11.32:798][ 53]LogModuleManager: Shutting down and abandoning module AITestSuite (695)
[2022.02.03-10.11.32:798][ 53]LogModuleManager: Shutting down and abandoning module NavigationSystem (693)
[2022.02.03-10.11.32:798][ 53]LogModuleManager: Shutting down and abandoning module ImageWriteQueue (690)
[2022.02.03-10.11.32:811][ 53]LogModuleManager: Shutting down and abandoning module ProfilerService (688)
[2022.02.03-10.11.32:958][ 53]LogModuleManager: Shutting down and abandoning module TaskGraph (686)
[2022.02.03-10.11.32:958][ 53]LogModuleManager: Shutting down and abandoning module DatasmithRuntime (684)
[2022.02.03-10.11.32:958][ 53]LogModuleManager: Shutting down and abandoning module AudioSynesthesiaEditor (682)
[2022.02.03-10.11.32:958][ 53]LogModuleManager: Shutting down and abandoning module DatasmithC4DDynamicImporter (680)
[2022.02.03-10.11.32:958][ 53]LogModuleManager: Shutting down and abandoning module DatasmithC4DTranslator (678)
[2022.02.03-10.11.32:958][ 53]LogModuleManager: Shutting down and abandoning module MegascansPlugin (676)
[2022.02.03-10.11.32:958][ 53]LogModuleManager: Shutting down and abandoning module OculusEditor (674)
[2022.02.03-10.11.32:958][ 53]LogModuleManager: Shutting down and abandoning module OculusInput (672)
[2022.02.03-10.11.32:958][ 53]LogModuleManager: Shutting down and abandoning module SQLiteSupport (670)
[2022.02.03-10.11.32:958][ 53]LogModuleManager: Shutting down and abandoning module DatabaseSupport (668)
[2022.02.03-10.11.32:958][ 53]LogModuleManager: Shutting down and abandoning module ContentBrowserClassDataSource (666)
[2022.02.03-10.11.32:958][ 53]LogModuleManager: Shutting down and abandoning module ContentBrowserFileDataSource (664)
[2022.02.03-10.11.32:958][ 53]LogModuleManager: Shutting down and abandoning module ContentBrowserAssetDataSource (662)
[2022.02.03-10.11.32:958][ 53]LogModuleManager: Shutting down and abandoning module CollectionManager (661)
[2022.02.03-10.11.32:959][ 53]LogModuleManager: Shutting down and abandoning module TakeSequencer (658)
[2022.02.03-10.11.32:959][ 53]LogModuleManager: Shutting down and abandoning module TakeMovieScene (656)
[2022.02.03-10.11.32:959][ 53]LogModuleManager: Shutting down and abandoning module SynthesisEditor (654)
[2022.02.03-10.11.32:959][ 53]LogModuleManager: Shutting down and abandoning module Synthesis (652)
[2022.02.03-10.11.32:959][ 53]LogModuleManager: Shutting down and abandoning module ProceduralMeshComponentEditor (650)
[2022.02.03-10.11.32:959][ 53]LogModuleManager: Shutting down and abandoning module ProceduralMeshComponent (648)
[2022.02.03-10.11.32:959][ 53]LogModuleManager: Shutting down and abandoning module OpenXREditor (646)
[2022.02.03-10.11.32:959][ 53]LogModuleManager: Shutting down and abandoning module MobilePatchingUtils (644)
[2022.02.03-10.11.32:959][ 53]LogModuleManager: Shutting down and abandoning module ScreenshotTools (642)
[2022.02.03-10.11.32:959][ 53]LogModuleManager: Shutting down and abandoning module GooglePAD (640)
[2022.02.03-10.11.32:959][ 53]LogModuleManager: Shutting down and abandoning module EditableMesh (638)
[2022.02.03-10.11.32:959][ 53]LogModuleManager: Shutting down and abandoning module CustomMeshComponent (636)
[2022.02.03-10.11.32:959][ 53]LogModuleManager: Shutting down and abandoning module CableComponent (634)
[2022.02.03-10.11.32:959][ 53]LogModuleManager: Shutting down and abandoning module AudioCapture (632)
[2022.02.03-10.11.32:959][ 53]LogModuleManager: Shutting down and abandoning module AudioCaptureRtAudio (631)
[2022.02.03-10.11.32:959][ 53]LogModuleManager: Shutting down and abandoning module AssetTags (628)
[2022.02.03-10.11.32:959][ 53]LogModuleManager: Shutting down and abandoning module ArchVisCharacter (626)
[2022.02.03-10.11.32:959][ 53]LogModuleManager: Shutting down and abandoning module AppleImageUtilsBlueprintSupport (624)
[2022.02.03-10.11.32:959][ 53]LogModuleManager: Shutting down and abandoning module AppleImageUtils (622)
[2022.02.03-10.11.32:959][ 53]LogModuleManager: Shutting down and abandoning module AndroidPermission (620)
[2022.02.03-10.11.32:959][ 53]LogModuleManager: Shutting down and abandoning module ActorLayerUtilitiesEditor (618)
[2022.02.03-10.11.32:959][ 53]LogModuleManager: Shutting down and abandoning module ActorLayerUtilities (616)
[2022.02.03-10.11.32:959][ 53]LogModuleManager: Shutting down and abandoning module TemplateSequence (614)
[2022.02.03-10.11.32:959][ 53]LogModuleManager: Shutting down and abandoning module MediaCompositing (612)
[2022.02.03-10.11.32:959][ 53]LogModuleManager: Shutting down and abandoning module ImgMedia (610)
[2022.02.03-10.11.32:959][ 53]LogModuleManager: Shutting down and abandoning module MagicLeapSharedWorld (608)
[2022.02.03-10.11.32:959][ 53]LogModuleManager: Shutting down and abandoning module MagicLeapLightEstimation (606)
[2022.02.03-10.11.32:959][ 53]LogModuleManager: Shutting down and abandoning module MagicLeapHelperVulkan (604)
[2022.02.03-10.11.32:959][ 53]LogModuleManager: Shutting down and abandoning module MagicLeapHelperOpenGL (602)
[2022.02.03-10.11.32:959][ 53]LogModuleManager: Shutting down and abandoning module MagicLeapAudio (600)
[2022.02.03-10.11.32:959][ 53]LogModuleManager: Shutting down and abandoning module OpenImageDenoise (598)
[2022.02.03-10.11.32:959][ 53]LogOpenImageDenoise: OIDN shutting down
[2022.02.03-10.11.32:959][ 53]LogModuleManager: Shutting down and abandoning module MotoSynthEditor (596)
[2022.02.03-10.11.32:959][ 53]LogModuleManager: Shutting down and abandoning module MotoSynth (594)
[2022.02.03-10.11.32:959][ 53]LogModuleManager: Shutting down and abandoning module MeshConversion (592)
[2022.02.03-10.11.32:959][ 53]LogModuleManager: Shutting down and abandoning module DynamicMesh (590)
[2022.02.03-10.11.32:959][ 53]LogModuleManager: Shutting down and abandoning module GeometryAlgorithms (588)
[2022.02.03-10.11.32:959][ 53]LogModuleManager: Shutting down and abandoning module GeometricObjects (586)
[2022.02.03-10.11.32:959][ 53]LogModuleManager: Shutting down and abandoning module GeometryCollectionTracks (584)
[2022.02.03-10.11.32:959][ 53]LogModuleManager: Shutting down and abandoning module GeometryCollectionSequencer (583)
[2022.02.03-10.11.32:960][ 53]LogModuleManager: Shutting down and abandoning module GeometryCollectionEditor (580)
[2022.02.03-10.11.32:960][ 53]LogModuleManager: Shutting down and abandoning module GeometryCacheTracks (578)
[2022.02.03-10.11.32:960][ 53]LogModuleManager: Shutting down and abandoning module GeometryCacheStreamer (576)
[2022.02.03-10.11.32:960][ 53]LogModuleManager: Shutting down and abandoning module GeometryCacheSequencer (574)
[2022.02.03-10.11.32:960][ 53]LogModuleManager: Shutting down and abandoning module ChaosSolverEditor (572)
[2022.02.03-10.11.32:960][ 53]LogModuleManager: Shutting down and abandoning module ChaosNiagara (570)
[2022.02.03-10.11.32:960][ 53]LogModuleManager: Shutting down and abandoning module FractureEditor (568)
[2022.02.03-10.11.32:960][ 53]LogModuleManager: Shutting down and abandoning module ChaosClothEditor (566)
[2022.02.03-10.11.32:960][ 53]LogModuleManager: Shutting down and abandoning module AutomationUtilsEditor (564)
[2022.02.03-10.11.32:960][ 53]LogModuleManager: Shutting down and abandoning module AutomationUtils (562)
[2022.02.03-10.11.32:960][ 53]LogModuleManager: Shutting down and abandoning module BlastCore (560)
[2022.02.03-10.11.32:960][ 53]LogModuleManager: Shutting down and abandoning module BlastAuthoring (558)
[2022.02.03-10.11.32:960][ 53]LogModuleManager: Shutting down and abandoning module BackChannel (556)
[2022.02.03-10.11.32:960][ 53]LogModuleManager: Shutting down and abandoning module AlembicImporter (554)
[2022.02.03-10.11.32:960][ 53]LogModuleManager: Shutting down and abandoning module AlembicLibrary (553)
[2022.02.03-10.11.32:960][ 53]LogModuleManager: Shutting down and abandoning module GeometryCache (552)
[2022.02.03-10.11.32:960][ 53]LogModuleManager: Shutting down and abandoning module GeometryCacheEd (551)
[2022.02.03-10.11.32:960][ 53]LogModuleManager: Shutting down and abandoning module NiagaraEditorWidgets (546)
[2022.02.03-10.11.32:960][ 53]LogModuleManager: Shutting down and abandoning module OodleNetworkHandlerComponent (544)
[2022.02.03-10.11.32:960][ 53]LogModuleManager: Shutting down and abandoning module StaticMeshEditorExtension (542)
[2022.02.03-10.11.32:960][ 53]LogModuleManager: Shutting down and abandoning module MeshProcessingLibrary (541)
[2022.02.03-10.11.32:960][ 53]LogModuleManager: Shutting down and abandoning module VariantManager (538)
[2022.02.03-10.11.32:960][ 53]LogModuleManager: Shutting down and abandoning module VariantManagerContentEditor (537)
[2022.02.03-10.11.32:960][ 53]LogModuleManager: Shutting down and abandoning module DirectLinkTest (534)
[2022.02.03-10.11.32:960][ 53]LogModuleManager: Shutting down and abandoning module DatasmithNativeTranslator (532)
[2022.02.03-10.11.32:960][ 53]LogModuleManager: Shutting down and abandoning module DatasmithIFCTranslator (530)
[2022.02.03-10.11.32:961][ 53]LogModuleManager: Shutting down and abandoning module DatasmithGLTFTranslator (528)
[2022.02.03-10.11.32:961][ 53]LogModuleManager: Shutting down and abandoning module DatasmithTranslator (527)
[2022.02.03-10.11.32:961][ 53]LogModuleManager: Shutting down and abandoning module DatasmithPLMXMLTranslator (524)
[2022.02.03-10.11.32:961][ 53]LogModuleManager: Shutting down and abandoning module DatasmithImporter (523)
[2022.02.03-10.11.32:961][ 53]LogModuleManager: Shutting down and abandoning module DatasmithContentEditor (522)
[2022.02.03-10.11.32:961][ 53]LogModuleManager: Shutting down and abandoning module DatasmithCoreTechParametricSurfaceData (518)
[2022.02.03-10.11.32:961][ 53]LogModuleManager: Shutting down and abandoning module DatasmithCoreTechExtension (516)
[2022.02.03-10.11.32:961][ 53]LogModuleManager: Shutting down and abandoning module StaticMeshEditor (515)
[2022.02.03-10.11.32:961][ 53]LogModuleManager: Shutting down and abandoning module AdvancedPreviewScene (514)
[2022.02.03-10.11.32:961][ 53]LogModuleManager: Shutting down and abandoning module DatasmithWireTranslator2021 (510)
[2022.02.03-10.11.32:961][ 53]LogModuleManager: Shutting down and abandoning module DatasmithWireTranslator (508)
[2022.02.03-10.11.32:961][ 53]LogModuleManager: Shutting down and abandoning module CADInterfaces (506)
[2022.02.03-10.11.32:963][ 53]LogModuleManager: Shutting down and abandoning module DatasmithDispatcher (504)
[2022.02.03-10.11.32:963][ 53]LogModuleManager: Shutting down and abandoning module DatasmithOpenNurbsTranslator (502)
[2022.02.03-10.11.32:963][ 53]LogModuleManager: Shutting down and abandoning module DatasmithCADTranslator (500)
[2022.02.03-10.11.32:963][ 53]LogModuleManager: Shutting down and abandoning module CADTools (499)
[2022.02.03-10.11.32:963][ 53]LogModuleManager: Shutting down and abandoning module CADLibrary (496)
[2022.02.03-10.11.32:963][ 53]LogModuleManager: Shutting down and abandoning module VisualStudioCodeSourceCodeAccess (494)
[2022.02.03-10.11.32:963][ 53]LogModuleManager: Shutting down and abandoning module VisualStudioSourceCodeAccess (492)
[2022.02.03-10.11.32:964][ 53]LogModuleManager: Shutting down and abandoning module DataprepEditorScriptingUtilities (490)
[2022.02.03-10.11.32:964][ 53]LogModuleManager: Shutting down and abandoning module DataprepLibraries (488)
[2022.02.03-10.11.32:964][ 53]LogModuleManager: Shutting down and abandoning module DataprepCore (486)
[2022.02.03-10.11.32:964][ 53]LogModuleManager: Shutting down and abandoning module DataprepEditor (484)
[2022.02.03-10.11.32:964][ 53]LogModuleManager: Shutting down and abandoning module SpeedTreeImporter (482)
[2022.02.03-10.11.32:964][ 53]LogModuleManager: Shutting down and abandoning module PluginBrowser (480)
[2022.02.03-10.11.32:964][ 53]LogModuleManager: Shutting down and abandoning module MobileLauncherProfileWizard (478)
[2022.02.03-10.11.32:964][ 53]LogModuleManager: Shutting down and abandoning module MaterialAnalyzer (476)
[2022.02.03-10.11.32:964][ 53]LogModuleManager: Shutting down and abandoning module PolygonModeling (474)
[2022.02.03-10.11.32:964][ 53]LogModuleManager: Shutting down and abandoning module MeshEditor (472)
[2022.02.03-10.11.32:964][ 53]LogModuleManager: Shutting down and abandoning module FieldSystemEngine (471)
[2022.02.03-10.11.32:964][ 53]LogModuleManager: Shutting down and abandoning module GLTFImporter (468)
[2022.02.03-10.11.32:964][ 53]LogModuleManager: Shutting down and abandoning module GLTFCore (466)
[2022.02.03-10.11.32:964][ 53]LogModuleManager: Shutting down and abandoning module UObjectPlugin (464)
[2022.02.03-10.11.32:964][ 53]LogModuleManager: Shutting down and abandoning module SubversionSourceControl (462)
[2022.02.03-10.11.32:964][ 53]LogModuleManager: Shutting down and abandoning module CryptoKeysOpenSSL (460)
[2022.02.03-10.11.32:964][ 53]LogModuleManager: Shutting down and abandoning module CryptoKeys (458)
[2022.02.03-10.11.32:964][ 53]LogModuleManager: Shutting down and abandoning module RiderSourceCodeAccess (456)
[2022.02.03-10.11.32:964][ 53]LogModuleManager: Shutting down and abandoning module EditorScriptingUtilities (454)
[2022.02.03-10.11.32:964][ 53]LogModuleManager: Shutting down and abandoning module PluginUtils (452)
[2022.02.03-10.11.32:964][ 53]LogModuleManager: Shutting down and abandoning module CurveEditorTools (450)
[2022.02.03-10.11.32:964][ 53]LogModuleManager: Shutting down and abandoning module PlasticSourceControl (448)
[2022.02.03-10.11.32:964][ 53]LogModuleManager: Shutting down and abandoning module PerforceSourceControl (446)
[2022.02.03-10.11.32:964][ 53]LogModuleManager: Shutting down and abandoning module AnimationSharingEd (444)
[2022.02.03-10.11.32:964][ 53]LogModuleManager: Shutting down and abandoning module GitSourceControl (442)
[2022.02.03-10.11.32:964][ 53]LogModuleManager: Shutting down and abandoning module SourceControl (441)
[2022.02.03-10.11.32:964][ 53]LogModuleManager: Shutting down and abandoning module CLionSourceCodeAccess (438)
[2022.02.03-10.11.32:964][ 53]LogModuleManager: Shutting down and abandoning module LightPropagationVolumeEditor (436)
[2022.02.03-10.11.32:964][ 53]LogModuleManager: Shutting down and abandoning module LiveLinkSequencer (434)
[2022.02.03-10.11.32:964][ 53]LogModuleManager: Shutting down and abandoning module LiveLinkMovieScene (432)
[2022.02.03-10.11.32:964][ 53]LogModuleManager: Shutting down and abandoning module LiveLinkGraphNode (430)
[2022.02.03-10.11.32:964][ 53]LogModuleManager: Shutting down and abandoning module LiveLinkEditor (428)
[2022.02.03-10.11.32:964][ 53]LogModuleManager: Shutting down and abandoning module LiveLinkComponents (426)
[2022.02.03-10.11.32:964][ 53]LogModuleManager: Shutting down and abandoning module LiveLink (424)
[2022.02.03-10.11.33:202][ 53]LogModuleManager: Shutting down and abandoning module PaperTiledImporter (422)
[2022.02.03-10.11.33:202][ 53]LogModuleManager: Shutting down and abandoning module PaperSpriteSheetImporter (420)
[2022.02.03-10.11.33:202][ 53]LogModuleManager: Shutting down and abandoning module Paper2DEditor (418)
[2022.02.03-10.11.33:202][ 53]LogModuleManager: Shutting down and abandoning module MeshPaintingToolset (416)
[2022.02.03-10.11.33:202][ 53]LogModuleManager: Shutting down and abandoning module MeshPaintEditorMode (414)
[2022.02.03-10.11.33:202][ 53]LogModuleManager: Shutting down and abandoning module SQLiteCore (412)
[2022.02.03-10.11.33:202][ 53]LogModuleManager: Shutting down and abandoning module SoundFields (410)
[2022.02.03-10.11.33:202][ 53]LogModuleManager: Shutting down and abandoning module SignificanceManager (408)
[2022.02.03-10.11.33:202][ 53]LogModuleManager: Shutting down and abandoning module RuntimePhysXCooking (406)
[2022.02.03-10.11.33:202][ 53]LogModuleManager: Shutting down and abandoning module PropertyAccessEditor (404)
[2022.02.03-10.11.33:202][ 53]LogModuleManager: Shutting down and abandoning module PhysXVehiclesEditor (402)
[2022.02.03-10.11.33:202][ 53]LogModuleManager: Shutting down and abandoning module LocationServicesBPLibrary (398)
[2022.02.03-10.11.33:202][ 53]LogModuleManager: Shutting down and abandoning module AudioSynesthesia (396)
[2022.02.03-10.11.33:202][ 53]LogModuleManager: Shutting down and abandoning module AudioSynesthesiaCore (394)
[2022.02.03-10.11.33:202][ 53]LogModuleManager: Shutting down and abandoning module UdpMessaging (392)
[2022.02.03-10.11.33:303][ 53]LogModuleManager: Shutting down and abandoning module TcpMessaging (390)
[2022.02.03-10.11.33:404][ 53]LogModuleManager: Shutting down and abandoning module ActorSequence (388)
[2022.02.03-10.11.33:404][ 53]LogModuleManager: Shutting down and abandoning module ImgMediaEngine (386)
[2022.02.03-10.11.33:404][ 53]LogModuleManager: Shutting down and abandoning module MagicLeapARPin (384)
[2022.02.03-10.11.33:404][ 53]LogModuleManager: Shutting down and abandoning module MagicLeapHandMeshing (382)
[2022.02.03-10.11.33:404][ 53]LogModuleManager: Shutting down and abandoning module MagicLeapSecureStorage (380)
[2022.02.03-10.11.33:404][ 53]LogModuleManager: Shutting down and abandoning module MagicLeapPrivileges (378)
[2022.02.03-10.11.33:404][ 53]LogModuleManager: Shutting down and abandoning module MagicLeapPlanes (376)
[2022.02.03-10.11.33:404][ 53]LogMagicLeapPlanes: Planes tracker already destroyed.
[2022.02.03-10.11.33:404][ 53]LogModuleManager: Shutting down and abandoning module MagicLeapImageTracker (374)
[2022.02.03-10.11.33:404][ 53]LogModuleManager: Shutting down and abandoning module MagicLeapIdentity (372)
[2022.02.03-10.11.33:404][ 53]LogModuleManager: Shutting down and abandoning module MagicLeapHandTracking (370)
[2022.02.03-10.11.33:404][ 53]LogModuleManager: Shutting down and abandoning module MagicLeapEyeTracker (368)
[2022.02.03-10.11.33:404][ 53]LogModuleManager: Shutting down and abandoning module MagicLeapController (366)
[2022.02.03-10.11.33:404][ 53]LogModuleManager: Shutting down and abandoning module MagicLeapARPinImpl (364)
[2022.02.03-10.11.33:404][ 53]LogModuleManager: Shutting down and abandoning module MagicLeapAR (362)
[2022.02.03-10.11.33:404][ 53]LogModuleManager: Shutting down and abandoning module PythonScriptPlugin (360)
[2022.02.03-10.11.33:404][ 53]LogModuleManager: Shutting down and abandoning module NiagaraAnimNotifies (358)
[2022.02.03-10.11.33:404][ 53]LogModuleManager: Shutting down and abandoning module Niagara (356)
[2022.02.03-10.11.33:404][ 53]LogModuleManager: Shutting down and abandoning module SignalProcessing (355)
[2022.02.03-10.11.33:404][ 53]LogModuleManager: Shutting down and abandoning module NiagaraEditor (353)
[2022.02.03-10.11.33:404][ 53]LogModuleManager: Shutting down and abandoning module NiagaraCore (350)
[2022.02.03-10.11.33:404][ 53]LogModuleManager: Shutting down and abandoning module GameplayTagsEditor (348)
[2022.02.03-10.11.33:404][ 53]LogModuleManager: Shutting down and abandoning module FacialAnimationEditor (346)
[2022.02.03-10.11.33:404][ 53]LogModuleManager: Shutting down and abandoning module FacialAnimation (344)
[2022.02.03-10.11.33:404][ 53]LogModuleManager: Shutting down and abandoning module DataValidation (342)
[2022.02.03-10.11.33:404][ 53]LogModuleManager: Shutting down and abandoning module PropertyAccessNode (340)
[2022.02.03-10.11.33:404][ 53]LogModuleManager: Shutting down and abandoning module AssetManagerEditor (338)
[2022.02.03-10.11.33:404][ 53]LogModuleManager: Shutting down and abandoning module LevelEditor (337)
[2022.02.03-10.11.33:406][ 53]LogModuleManager: Shutting down and abandoning module PixelInspectorModule (336)
[2022.02.03-10.11.33:406][ 53]LogModuleManager: Shutting down and abandoning module CommonMenuExtensions (334)
[2022.02.03-10.11.33:407][ 53]LogModuleManager: Shutting down and abandoning module MainFrame (332)
[2022.02.03-10.11.33:407][ 53]LogModuleManager: Shutting down and abandoning module HotReload (331)
[2022.02.03-10.11.33:408][ 53]LogModuleManager: Shutting down and abandoning module ToolMenus (327)
[2022.02.03-10.11.33:408][ 53]LogModuleManager: Shutting down and abandoning module ContentBrowser (325)
[2022.02.03-10.11.33:408][ 53]LogModuleManager: Shutting down and abandoning module ContentBrowserData (324)
[2022.02.03-10.11.33:408][ 53]LogModuleManager: Shutting down and abandoning module TreeMap (321)
[2022.02.03-10.11.33:408][ 53]LogModuleManager: Shutting down and abandoning module AnimationSharing (318)
[2022.02.03-10.11.33:408][ 53]LogModuleManager: Shutting down and abandoning module GameplayCameras (316)
[2022.02.03-10.11.33:408][ 53]LogModuleManager: Shutting down and abandoning module LightPropagationVolumeRuntime (314)
[2022.02.03-10.11.33:408][ 53]LogModuleManager: Shutting down and abandoning module EnvironmentQueryEditor (312)
[2022.02.03-10.11.33:408][ 53]LogModuleManager: Shutting down and abandoning module Paper2D (310)
[2022.02.03-10.11.33:408][ 53]LogModuleManager: Shutting down and abandoning module WebMMoviePlayer (308)
[2022.02.03-10.11.33:408][ 53]LogModuleManager: Shutting down and abandoning module WindowsMoviePlayer (306)
[2022.02.03-10.11.33:409][ 53]LogModuleManager: Shutting down and abandoning module NetworkReplayStreaming (304)
[2022.02.03-10.11.33:409][ 53]LogModuleManager: Shutting down and abandoning module PacketHandler (302)
[2022.02.03-10.11.33:409][ 53]LogModuleManager: Shutting down and abandoning module ClothingSystemEditor (300)
[2022.02.03-10.11.33:409][ 53]LogModuleManager: Shutting down and abandoning module ClothingSystemRuntimeNv (298)
[2022.02.03-10.11.33:409][ 53]LogModuleManager: Shutting down and abandoning module MediaAssets (296)
[2022.02.03-10.11.33:409][ 53]LogModuleManager: Shutting down and abandoning module Overlay (294)
[2022.02.03-10.11.33:409][ 53]LogModuleManager: Shutting down and abandoning module OverlayEditor (293)
[2022.02.03-10.11.33:409][ 53]LogModuleManager: Shutting down and abandoning module VREditor (290)
[2022.02.03-10.11.33:409][ 53]LogModuleManager: Shutting down and abandoning module StringTableEditor (288)
[2022.02.03-10.11.33:409][ 53]LogModuleManager: Shutting down and abandoning module GameplayTasksEditor (286)
[2022.02.03-10.11.33:409][ 53]LogModuleManager: Shutting down and abandoning module BehaviorTreeEditor (284)
[2022.02.03-10.11.33:409][ 53]LogModuleManager: Shutting down and abandoning module FunctionalTesting (282)
[2022.02.03-10.11.33:409][ 53]LogModuleManager: Shutting down and abandoning module CollisionAnalyzer (280)
[2022.02.03-10.11.33:409][ 53]LogModuleManager: Shutting down and abandoning module WorkspaceMenuStructure (279)
[2022.02.03-10.11.33:409][ 53]LogModuleManager: Shutting down and abandoning module UMG (276)
[2022.02.03-10.11.33:409][ 53]LogModuleManager: Shutting down and abandoning module UMGEditor (275)
[2022.02.03-10.11.33:409][ 53]LogModuleManager: Shutting down and abandoning module MessageLog (273)
[2022.02.03-10.11.33:409][ 53]LogModuleManager: Shutting down and abandoning module SlateReflector (268)
[2022.02.03-10.11.33:409][ 53]LogModuleManager: Shutting down and abandoning module Slate (266)
[2022.02.03-10.11.33:409][ 53]LogModuleManager: Shutting down and abandoning module SlateCore (264)
[2022.02.03-10.11.33:411][ 53]LogModuleManager: Shutting down and abandoning module LandscapeEditorUtilities (262)
[2022.02.03-10.11.33:411][ 53]LogModuleManager: Shutting down and abandoning module UnrealEd (260)
[2022.02.03-10.11.33:411][ 53]LogModuleManager: Shutting down and abandoning module MRMesh (258)
[2022.02.03-10.11.33:411][ 53]LogModuleManager: Shutting down and abandoning module SourceCodeAccess (256)
[2022.02.03-10.11.33:411][ 53]LogModuleManager: Shutting down and abandoning module HeadMountedDisplay (254)
[2022.02.03-10.11.33:411][ 53]LogModuleManager: Shutting down and abandoning module XAudio2 (252)
[2022.02.03-10.11.33:411][ 53]LogModuleManager: Shutting down and abandoning module Networking (250)
[2022.02.03-10.11.33:411][ 53]LogModuleManager: Shutting down and abandoning module Core (248)
[2022.02.03-10.11.33:411][ 53]LogModuleManager: Shutting down and abandoning module MaterialEditor (246)
[2022.02.03-10.11.33:411][ 53]LogModuleManager: Shutting down and abandoning module MovieSceneTools (244)
[2022.02.03-10.11.33:411][ 53]LogModuleManager: Shutting down and abandoning module CurveEditor (243)
[2022.02.03-10.11.33:411][ 53]LogModuleManager: Shutting down and abandoning module Sequencer (241)
[2022.02.03-10.11.33:411][ 53]LogModuleManager: Shutting down and abandoning module EditorStyle (240)
[2022.02.03-10.11.33:413][ 53]LogModuleManager: Shutting down and abandoning module KismetCompiler (236)
[2022.02.03-10.11.33:413][ 53]LogModuleManager: Shutting down and abandoning module MeshBuilder (234)
[2022.02.03-10.11.33:413][ 53]LogModuleManager: Shutting down and abandoning module MeshUtilities (232)
[2022.02.03-10.11.33:413][ 53]LogModuleManager: Shutting down and abandoning module MeshMergeUtilities (231)
[2022.02.03-10.11.33:413][ 53]LogModuleManager: Shutting down and abandoning module MeshReductionInterface (230)
[2022.02.03-10.11.33:413][ 53]LogModuleManager: Shutting down and abandoning module MeshBoneReduction (229)
[2022.02.03-10.11.33:413][ 53]LogModuleManager: Shutting down and abandoning module SkeletalMeshReduction (227)
[2022.02.03-10.11.33:413][ 53]LogModuleManager: Shutting down and abandoning module ProxyLODMeshReduction (225)
[2022.02.03-10.11.33:413][ 53]LogModuleManager: Shutting down and abandoning module QuadricMeshReduction (223)
[2022.02.03-10.11.33:413][ 53]LogModuleManager: Shutting down and abandoning module MaterialBaking (219)
[2022.02.03-10.11.33:413][ 53]LogModuleManager: Shutting down and abandoning module NullInstallBundleManager (214)
[2022.02.03-10.11.33:413][ 53]LogModuleManager: Shutting down and abandoning module DerivedDataCache (212)
[2022.02.03-10.11.33:413][ 53]LogModuleManager: Shutting down and abandoning module TargetPlatform (210)
[2022.02.03-10.11.33:413][ 53]LogModuleManager: Shutting down and abandoning module VulkanShaderFormat (209)
[2022.02.03-10.11.33:413][ 53]LogModuleManager: Shutting down and abandoning module ShaderFormatVectorVM (207)
[2022.02.03-10.11.33:413][ 53]LogModuleManager: Shutting down and abandoning module ShaderFormatOpenGL (205)
[2022.02.03-10.11.33:414][ 53]LogModuleManager: Shutting down and abandoning module ShaderFormatD3D (203)
[2022.02.03-10.11.33:414][ 53]LogModuleManager: Shutting down and abandoning module MetalShaderFormat (201)
[2022.02.03-10.11.33:414][ 53]LogModuleManager: Shutting down and abandoning module TextureFormatOodle (199)
[2022.02.03-10.11.33:414][ 53]LogModuleManager: Shutting down and abandoning module TextureFormatUncompressed (197)
[2022.02.03-10.11.33:414][ 53]LogModuleManager: Shutting down and abandoning module TextureFormatPVR (195)
[2022.02.03-10.11.33:414][ 53]LogModuleManager: Shutting down and abandoning module TextureFormatETC2 (193)
[2022.02.03-10.11.33:414][ 53]LogModuleManager: Shutting down and abandoning module TextureFormatDXT (191)
[2022.02.03-10.11.33:414][ 53]LogModuleManager: Shutting down and abandoning module TextureFormatIntelISPCTexComp (189)
[2022.02.03-10.11.33:414][ 53]LogModuleManager: Shutting down and abandoning module TextureFormatASTC (187)
[2022.02.03-10.11.33:414][ 53]LogModuleManager: Shutting down and abandoning module ImageWrapper (186)
[2022.02.03-10.11.33:414][ 53]LogModuleManager: Shutting down and abandoning module AudioFormatOpus (183)
[2022.02.03-10.11.33:414][ 53]LogModuleManager: Shutting down and abandoning module AudioFormatOgg (181)
[2022.02.03-10.11.33:414][ 53]LogModuleManager: Shutting down and abandoning module AudioFormatADPCM (179)
[2022.02.03-10.11.33:414][ 53]LogModuleManager: Shutting down and abandoning module WindowsServerTargetPlatform (177)
[2022.02.03-10.11.33:414][ 53]LogModuleManager: Shutting down and abandoning module WindowsClientTargetPlatform (175)
[2022.02.03-10.11.33:414][ 53]LogModuleManager: Shutting down and abandoning module WindowsTargetPlatform (173)
[2022.02.03-10.11.33:414][ 53]LogModuleManager: Shutting down and abandoning module WindowsNoEditorTargetPlatform (171)
[2022.02.03-10.11.33:414][ 53]LogModuleManager: Shutting down and abandoning module TVOSTargetPlatform (169)
[2022.02.03-10.11.33:415][ 53]LogModuleManager: Shutting down and abandoning module MacServerTargetPlatform (167)
[2022.02.03-10.11.33:415][ 53]LogModuleManager: Shutting down and abandoning module MacClientTargetPlatform (165)
[2022.02.03-10.11.33:415][ 53]LogModuleManager: Shutting down and abandoning module MacTargetPlatform (163)
[2022.02.03-10.11.33:415][ 53]LogModuleManager: Shutting down and abandoning module MacNoEditorTargetPlatform (161)
[2022.02.03-10.11.33:415][ 53]LogModuleManager: Shutting down and abandoning module LuminTargetPlatform (159)
[2022.02.03-10.11.33:417][ 53]LogModuleManager: Shutting down and abandoning module LinuxAArch64ServerTargetPlatform (157)
[2022.02.03-10.11.33:417][ 53]LogModuleManager: Shutting down and abandoning module LinuxAArch64ClientTargetPlatform (155)
[2022.02.03-10.11.33:417][ 53]LogModuleManager: Shutting down and abandoning module LinuxAArch64NoEditorTargetPlatform (153)
[2022.02.03-10.11.33:417][ 53]LogModuleManager: Shutting down and abandoning module LinuxServerTargetPlatform (151)
[2022.02.03-10.11.33:417][ 53]LogModuleManager: Shutting down and abandoning module LinuxClientTargetPlatform (149)
[2022.02.03-10.11.33:417][ 53]LogModuleManager: Shutting down and abandoning module LinuxNoEditorTargetPlatform (147)
[2022.02.03-10.11.33:417][ 53]LogModuleManager: Shutting down and abandoning module LinuxTargetPlatform (145)
[2022.02.03-10.11.33:417][ 53]LogModuleManager: Shutting down and abandoning module Messaging (143)
[2022.02.03-10.11.33:417][ 53]LogModuleManager: Shutting down and abandoning module IOSTargetPlatform (141)
[2022.02.03-10.11.33:418][ 53]LogModuleManager: Shutting down and abandoning module AndroidTargetPlatform (139)
[2022.02.03-10.11.33:422][ 53]LogModuleManager: Shutting down and abandoning module AllDesktopTargetPlatform (137)
[2022.02.03-10.11.33:422][ 53]LogModuleManager: Shutting down and abandoning module D3D11RHI (134)
[2022.02.03-10.11.33:422][ 53]LogModuleManager: Shutting down and abandoning module InputCore (132)
[2022.02.03-10.11.33:422][ 53]LogModuleManager: Shutting down and abandoning module Settings (130)
[2022.02.03-10.11.33:422][ 53]LogModuleManager: Shutting down and abandoning module DirectoryWatcher (128)
[2022.02.03-10.11.33:423][ 53]LogModuleManager: Shutting down and abandoning module PhysXCooking (126)
[2022.02.03-10.11.33:423][ 53]LogModuleManager: Shutting down and abandoning module Chaos (124)
[2022.02.03-10.11.33:423][ 53]LogModuleManager: Shutting down and abandoning module WindowsPlatformFeatures (122)
[2022.02.03-10.11.33:423][ 53]LogModuleManager: Shutting down and abandoning module GameplayMediaEncoder (121)
[2022.02.03-10.11.33:423][ 53]LogModuleManager: Shutting down and abandoning module AVEncoder (120)
[2022.02.03-10.11.33:423][ 53]LogModuleManager: Shutting down and abandoning module SteamVRInputDevice (116)
[2022.02.03-10.11.33:423][ 53]LogModuleManager: Shutting down and abandoning module SteamVRInput (114)
[2022.02.03-10.11.33:423][ 53]LogModuleManager: Shutting down and abandoning module SteamVR (112)
[2022.02.03-10.11.33:423][ 53]LogHMD: Freeing OpenVRDLLHandle.
[2022.02.03-10.11.33:423][ 53]LogModuleManager: Shutting down and abandoning module OculusHMD (110)
[2022.02.03-10.11.33:423][ 53]LogModuleManager: Shutting down and abandoning module OpenXRHandTracking (108)
[2022.02.03-10.11.33:423][ 53]LogSlate: Slate User Destroyed.  User Index 0, Is Virtual User: 0
[2022.02.03-10.11.33:423][ 53]LogModuleManager: Shutting down and abandoning module OpenXREyeTracker (106)
[2022.02.03-10.11.33:423][ 53]LogModuleManager: Shutting down and abandoning module OpenXRAR (104)
[2022.02.03-10.11.33:423][ 53]LogModuleManager: Shutting down and abandoning module AugmentedReality (103)
[2022.02.03-10.11.33:423][ 53]LogModuleManager: Shutting down and abandoning module OpenXRHMD (100)
[2022.02.03-10.11.33:424][ 53]LogModuleManager: Shutting down and abandoning module ExampleDeviceProfileSelector (98)
[2022.02.03-10.11.33:424][ 53]LogModuleManager: Shutting down and abandoning module ChunkDownloader (96)
[2022.02.03-10.11.33:424][ 53]LogModuleManager: Shutting down and abandoning module LauncherChunkInstaller (94)
[2022.02.03-10.11.33:424][ 53]LogModuleManager: Shutting down and abandoning module OnlineBlueprintSupport (92)
[2022.02.03-10.11.33:424][ 53]LogModuleManager: Shutting down and abandoning module OnlineSubsystem (88)
[2022.02.03-10.11.33:426][ 53]LogModuleManager: Shutting down and abandoning module XMPP (83)
[2022.02.03-10.11.33:427][ 53]LogModuleManager: Shutting down and abandoning module WebSockets (82)
[2022.02.03-10.11.33:449][ 53]LogModuleManager: Shutting down and abandoning module HTTP (79)
[2022.02.03-10.11.33:450][ 53]LogHttp: Display: Http module shutting down, but needs to wait on 1 outstanding Http requests:
[2022.02.03-10.11.33:450][ 53]LogHttp: Display: 	verb=[POST] url=[https://datarouter.ol.epicgames.com/datarouter/api/v1/public/data?SessionID=%7B4669CD55-419B-860E-B6B2-FA842DF435ED%7D&AppID=UEEditor.Rocket.Release&AppVersion=4.27.2-18319896%2B%2B%2BUE4%2BRelease-4.27&UserID=e651f5ca4ee0e69fb194b6b69441f2d1%7Cfe0a303f6bc24f8285957052d874ed24%7Cfe09248a-97ef-429d-9b6f-5ac3fb62d21d&AppEnvironment=datacollector-binary&UploadType=eteventstream] refs=[1] status=Processing
[2022.02.03-10.11.33:450][ 53]LogHttp: Display: cleaning up 1 outstanding Http requests.
[2022.02.03-10.11.33:473][ 53]LogModuleManager: Shutting down and abandoning module SSL (78)
[2022.02.03-10.11.33:475][ 53]LogModuleManager: Shutting down and abandoning module WmfMedia (74)
[2022.02.03-10.11.33:478][ 53]LogModuleManager: Shutting down and abandoning module Media (73)
[2022.02.03-10.11.33:480][ 53]LogModuleManager: Shutting down and abandoning module MediaInfo (72)
[2022.02.03-10.11.33:480][ 53]LogModuleManager: Shutting down and abandoning module ExrReaderGpu (68)
[2022.02.03-10.11.33:480][ 53]LogModuleManager: Shutting down and abandoning module MLSDK (66)
[2022.02.03-10.11.33:480][ 53]LogModuleManager: Shutting down and abandoning module MagicLeap (64)
[2022.02.03-10.11.33:480][ 53]LogModuleManager: Shutting down and abandoning module ChaosCloth (62)
[2022.02.03-10.11.33:480][ 53]LogModuleManager: Shutting down and abandoning module NiagaraVertexFactories (60)
[2022.02.03-10.11.33:480][ 53]LogModuleManager: Shutting down and abandoning module NiagaraShader (58)
[2022.02.03-10.11.33:480][ 53]LogModuleManager: Shutting down and abandoning module VariantManagerContent (56)
[2022.02.03-10.11.33:480][ 53]LogModuleManager: Shutting down and abandoning module DatasmithContent (54)
[2022.02.03-10.11.33:481][ 53]LogModuleManager: Shutting down and abandoning module PixWinPlugin (52)
[2022.02.03-10.11.33:481][ 53]LogModuleManager: Shutting down and abandoning module AISupportModule (50)
[2022.02.03-10.11.33:481][ 53]LogModuleManager: Shutting down and abandoning module DesktopPlatform (48)
[2022.02.03-10.11.33:481][ 53]LogModuleManager: Shutting down and abandoning module PythonScriptPluginPreload (46)
[2022.02.03-10.11.33:481][ 53]LogModuleManager: Shutting down and abandoning module PlatformCryptoOpenSSL (44)
[2022.02.03-10.11.33:481][ 53]LogModuleManager: Shutting down and abandoning module PlatformCryptoTypes (42)
[2022.02.03-10.11.33:481][ 53]LogModuleManager: Shutting down and abandoning module PlatformCrypto (40)
[2022.02.03-10.11.33:481][ 53]LogModuleManager: Shutting down and abandoning module OodleDataCompressionFormat (38)
[2022.02.03-10.11.33:481][ 53]LogModuleManager: Shutting down and abandoning module XGEController (36)
[2022.02.03-10.11.33:481][ 53]LogModuleManager: Shutting down and abandoning module AnimationModifiers (34)
[2022.02.03-10.11.33:481][ 53]LogModuleManager: Shutting down and abandoning module AudioEditor (32)
[2022.02.03-10.11.33:481][ 53]LogModuleManager: Shutting down and abandoning module PropertyEditor (31)
[2022.02.03-10.11.33:481][ 53]LogModuleManager: Shutting down and abandoning module TextureCompressor (28)
[2022.02.03-10.11.33:481][ 53]LogModuleManager: Shutting down and abandoning module RenderCore (26)
[2022.02.03-10.11.33:481][ 53]LogModuleManager: Shutting down and abandoning module Landscape (24)
[2022.02.03-10.11.33:481][ 53]LogModuleManager: Shutting down and abandoning module SlateRHIRenderer (22)
[2022.02.03-10.11.33:482][ 53]LogModuleManager: Shutting down and abandoning module AnimGraphRuntime (20)
[2022.02.03-10.11.33:482][ 53]LogModuleManager: Shutting down and abandoning module Renderer (18)
[2022.02.03-10.11.33:482][ 53]LogModuleManager: Shutting down and abandoning module Engine (16)
[2022.02.03-10.11.33:482][ 53]LogModuleManager: Shutting down and abandoning module CoreUObject (14)
[2022.02.03-10.11.33:482][ 53]LogModuleManager: Shutting down and abandoning module NetworkFile (12)
[2022.02.03-10.11.33:482][ 53]LogModuleManager: Shutting down and abandoning module CookedIterativeFile (10)
[2022.02.03-10.11.33:482][ 53]LogModuleManager: Shutting down and abandoning module StreamingFile (8)
[2022.02.03-10.11.33:482][ 53]LogModuleManager: Shutting down and abandoning module SandboxFile (6)
[2022.02.03-10.11.33:482][ 53]LogModuleManager: Shutting down and abandoning module PakFile (4)
[2022.02.03-10.11.33:482][ 53]LogModuleManager: Shutting down and abandoning module RSA (3)
[2022.02.03-10.11.33:482][ 53]LogContentStreaming: Display: There are 1 unreleased StreamingManagers
[2022.02.03-10.11.33:526][ 53]LogD3D11RHI: Shutdown
[2022.02.03-10.11.33:526][ 53]LogD3D11RHI: CleanupD3DDevice
[2022.02.03-10.11.33:527][ 53]LogExit: Exiting.
[2022.02.03-10.11.33:537][ 53]Log file closed, 02/03/22 11:11:33
